solute_smiles,solvent_smiles,temperature,temperature_units,experimental_logS [mol/L]
CN(C)C1=CC=C(C=C1)N=C=NC1=CC=C(C=C1)N(C)C,CC(=O)C,294.15,K,-0.400578187
OC1=C(CC2=C(O)C(Cl)=CC(Cl)=C2Cl)C(Cl)=C(Cl)C=C1Cl,CC(=O)C,293.15,K,0.394826213
[H]C1(O[C@H](CO)[C@@H](O)[C@H](O)[C@H]1O)C1([H])C2=C(C(O)=CC=C2)C(=O)C2=C1C=C(CO)C=C2O,CC(=O)C,291.15,K,-1.221572041
OC(=O)C1=CC=CC(=C1)N(=O)=O,CC(=O)C,293.15,K,0.444041636
[H][C@@](C)(CCCC(C)C)[C@@]1([H])CC[C@@]2([H])[C@]3([H])CC=C4C[C@H](CC[C@]4(C)[C@@]3([H])CC[C@]12C)OP([H])(O)=O,CC(=O)C,293.15,K,-2.827756863
NC(=O)C1=CC(=CC=C1)S(N)(=O)=O,CC(=O)C,298.15,K,-0.921291877
NC1=CC=C(C=C1)C(O)=O,CC(=O)C,297.15,K,0.337495442
CC1=NC2=CC=CC(N3CCN(CCC4=CC(=CC=C4)N4CCNC4=O)CC3)=C2C=C1,CC(=O)C,293.15,K,-2.016550754
CC1=CC(C)=NC(NS(=O)(=O)C2=CC=C(N)C=C2)=N1,CC(=O)C,298.14,K,-3.605907144
ClC1=C(Cl)C(Cl)=C(Cl)C2=C1C(=O)OC2=O,CC(=O)C,298.15,K,-1.069979767
O=N(=O)C1=CC=CC2=CC=CC(=C12)N(=O)=O,CC(=O)C,289.15,K,-0.598639258
[H][C@@](C)(CC\C=C(/C)C)[C@@]1([H])CC[C@@]2([H])[C@]3([H])CC=C4C[C@@H](O)CC[C@]4(C)[C@@]3([H])CC[C@]12C,CC(=O)C,300.69,K,-0.826522497
C[C@H]1CC[C@@H](CC1)N1C2=NC(NC3=NC4=C(CN(CC4)C(=O)CO)C=C3)=NC=C2C2=C1C=NC=C2,CC(=O)C,293.15,K,-2.673538801
OCC1=CC(=O)C(O)=CO1,CC(=O)C,296.15,K,-2.84400061
O=N(=O)C1=CC2=C(C(=CC=C2)N(=O)=O)C(=C1)N(=O)=O,CC(=O)C,288.15,K,-1.021978059
OP(=O)(C1=CC=CC=C1)C1=CC=CC=C1,CC(=O)C,298.16999999999996,K,-2.036797563
CCN1CCCC1CNC(=O)C1=C(OC)C=CC(=C1)S(N)(=O)=O,CC(=O)C,298.23999999999995,K,-1.547708045
CCC(=O)N(C(=O)NC1=CC=C(C=C1)N(C)C)C1=CC=C(C=C1)N(C)C,CC(=O)C,293.15,K,-2.292959938
CC1=CC=C(C(O)=O)C(C)=C1,CC(=O)C,293.15,K,-0.085996242
CC1=CC=CC=C1NC(N)=O,CC(=O)C,296.15,K,-1.55336281
C[C@H]1CC[C@H](CC1)C(N)=O,CC(=O)C,291.15,K,-0.902822505
ClC1=CC=CC2=C1C(=O)C1=CC=CC=C1C2=O,CC(=O)C,298.14,K,-1.143884926
CO[C@H]1O[C@@H]([C@H](O)[C@H](O)[C@H]1O)C(O)=O,CC(=O)C,293.15,K,-1.540262719
[H][C@]12CCC(=C)[C@@H](C\C=C3/C(O)COC3=O)[C@]1(C)CC[C@@H](O)[C@@]2(C)CO,CC(=O)C,298.19,K,-1.886057124
[H][C@@]12OC3=C(O)C=CC4=C3[C@@]11CCN(C)[C@H](C4)[C@]1([H])C=C[C@@H]2O,CC(=O)C,288.15,K,-2.348157253
CC(C)COC1=C(C=C(C=C1)C1=NC(C)=C(S1)C(O)=O)C#N,CC(=O)C,298.14,K,-0.998411194
NC(=O)OCC1=CC(=NO1)C1=CC=C(OCC2=CC=CC=C2)C=C1,CC(=O)C,293.15,K,-1.116543475
CC(=O)OC1=CC=CC=C1C(O)=O,CC(=O)C,297.89,K,0.075176197
CC(=O)NC[C@H]1CN(C(=O)O1)C1=CC=C(C(F)=C1)C1=CC=C(CNCC2=CN=NN2)C=C1,CC(=O)C,293.15,K,-2.64193097
ClC1=CC2=C(C=C1)C(=O)OC2=O,CC(=O)C,298.14,K,0.588575421
CCCCCCCCOC(=O)C1=C(C)OC2=CC3=C(OC(C)=C3C(=O)OCCCCCCCC)C=C12,CC(=O)C,293.15,K,-2.045757491
ON=C1C(=O)C=CC2=C1C=CC=C2,CC(=O)C,299.15,K,-0.244127212
[H][C@@](CC1=CC=CC=C1)(NC(C)=O)C(O)=O,CC(=O)C,298.15,K,-0.69945019
[H][C@@](C)(CCCC(C)C)[C@@]1([H])CC[C@@]2([H])[C@]3([H])CC=C4C[C@H](CC[C@]4(C)[C@@]3([H])CC[C@]12C)OC(=O)CC,CC(=O)C,293.15,K,-1.284407192
CCOC(=O)C1=C(C)OC2=CC3=C(OC(C)=C3C(=O)OCC)C=C12,CC(=O)C,293.15,K,-2.267606191
[H][C@@]1(OC(=O)C(O)=C1O)[C@@H](O)CO,CC(=O)C,297.98999999999995,K,-2.364156497
[H][C@@](C)(CCCC(C)C)[C@@]1([H])CC[C@@]2([H])[C@]3([H])CC=C4C[C@H](CC[C@]4(C)[C@@]3([H])CC[C@]12C)OC(=O)CCC,CC(=O)C,293.15,K,-1.297953573
[H][C@](OC(=O)C1=CC=C(C)C=C1)(C(O)=O)[C@@]([H])(OC(=O)C1=CC=C(C)C=C1)C(O)=O,CC(=O)C,295.15,K,0.006849752
COC1=CC2=C(C=C1)C=C(C=C2)[C@H](C)C(O)=O,CC(=O)C,298.44,K,-1.42044563
NC(CC1=CC=CC=C1)C(O)=O,CC(=O)C,298.15,K,-2.733689172
CCOC1=CC=C(NC(C)=O)C=C1,CC(=O)C,303.15,K,-0.32994314
C[C@H]1OC=C2C(O)=C(C(O)=O)C(=O)C(C)=C2[C@@H]1C,CC(=O)C,298.15,K,-0.704648873
NC1=CC=C(CC(O)=O)C=C1,CC(=O)C,298.15,K,-1.316098643
CC(=O)C1C(=O)C=C2OC3=C(C(C)=O)C(O)=C(C)C(O)=C3[C@]2(C)C1=O,CC(=O)C,298.14,K,-1.995985874
NC1=CC=CN=C1,CC(=O)C,298.14,K,0.861071993
O=C1NS(=O)(=O)C2=C1C=CC=C2,CC(=O)C,298.15,K,-0.188065238
ClC1=CC=C(C=C1)N(=O)=O,CC(=O)C,290.15,K,0.802944895
CN(C(=O)C(=O)N(C)N(=O)=O)N(=O)=O,CC(=O)C,293.15,K,0.072121752
CC1=CC=C(NC(N)=O)C=C1,CC(=O)C,296.15,K,-0.751730463
CS(=O)(=O)C1=CC=C(F)C=C1,CC(=O)C,298.28999999999996,K,0.581404403
N\C(C#N)=C(/N)C#N,CC(=O)C,298.15,K,0.142253513
[H][C@@](O)(CO)[C@@]([H])(O)[C@]([H])(O)[C@@]([H])(O)CS,CC(=O)C,293.15,K,-3.297191289
ClC1=NC(OC2=CC=C(C=C2)N=NC2=CC=CC=C2)=NC(Cl)=N1,CC(=O)C,298.15,K,-1.016460387
OC1=CC=CC=C1C(=O)NC1=NC=C(S1)N(=O)=O,CC(=O)C,298.15,K,-2.843870159
NC(=O)N1C2=C(C=CC=C2)C=CC2=C1C=CC=C2,CC(=O)C,298.15,K,-1.170336471
OC(=O)C1=CC=C(O)C=C1,CC(=O)C,296.15,K,0.215759855
COC1=C(C=C(C=C1N(=O)=O)N(=O)=O)N(=O)=O,CC(=O)C,288.15,K,0.796849864
[H][C@@](CC(C)=O)(C1C(=O)OC2=CC=CC=C2C1=O)C1=CC=CC=C1,CC(=O)C,298.15,K,-0.439803394
O=C1C=CC(=O)C2=C1C=CC=C2,CC(=O)C,298.23999999999995,K,-0.267898415
[H]C(C)(Cl)C(=O)NC1=CC=C(C)C=C1,CC(=O)C,300.03,K,0.153245609
[H][C@]12[C@@H](CC[C@]1(CO)CC[C@]1(C)[C@]2([H])CC[C@]2([H])[C@@]3(C)CC[C@H](O)C(C)(C)[C@]3([H])CC[C@@]12C)C(C)=C,CC(=O)C,298.19,K,-1.692333915
[H][C@@]12CC[C@H](OC(=O)CCCC)[C@@]1(C)CC[C@]1([H])C3=C(CC[C@@]21[H])C=C(OC(=O)C1=CC=CC=C1)C=C3,CC(=O)C,293.15,K,0.035633813
CC(N(CCC(O)=O)C(=O)C1=CC=CC=C1)C(O)=O,CC(=O)C,293.15,K,-1.097448168
NC(=O)\N=N\C1=CC=CC(=C1)C(N)=O,CC(=O)C,288.15,K,-1.485741766
CC(=O)NC1=CC=CC=C1,CC(=O)C,298.15,K,0.359498417
NC(=O)CN1CCCC1=O,CC(=O)C,297.98999999999995,K,-1.371410923
CCCCCCCCCC(=O)N(C(=O)NC1=CC=C(C=C1)N(C)C)C1=CC=C(C=C1)N(C)C,CC(=O)C,293.15,K,-2.283762019
ClC1=CC=C(C=C1)S(=O)(=O)C1=CC=C(Cl)C=C1,CC(=O)C,293.15,K,-0.485005165
NC1=C(NC2=CC=C(Cl)C=C2)C=C(Cl)C=C1,CC(=O)C,293.15,K,0.056047153
OC(=O)CN1C=NN=N1,CC(=O)C,298.22999999999996,K,0.190635412
OC1=CC=C(O)C2=C1C(=O)C1=CC=CC=C1C2=O,CC(=O)C,298.15,K,-1.84227779
CC1=CC=CC(C)=C1C(O)=O,CC(=O)C,293.15,K,0.412228301
NC1=C(NC2=CC=C(Cl)C=C2)C=CC(Cl)=C1,CC(=O)C,293.15,K,0.116482659
[H][C@](O)(CO)[C@@]([H])(O)[C@]([H])(O)CO,CC(=O)C,298.14,K,-2.489457297
S1C(SC(SC1C1=CC=CC=C1)C1=CC=CC=C1)C1=CC=CC=C1,CC(=O)C,298.15,K,-1.627896947
OC[C@H]1O[C@H]([C@H](O)[C@@H](O)[C@@H]1O)C1=C(O)C=CC2=C1OC=C(C2=O)C1=CC=C(O)C=C1,CC(=O)C,298.2,K,-1.552847631
[H][C@@]12[C@@H](C)CC(=O)[C@]1([H])C(=CO[C@H]2O[C@@H]1O[C@H](CO)[C@@H](O)[C@H](O)[C@H]1O)C(=O)OC,CC(=O)C,291.15,K,-1.735336862
NS(=O)(=O)C1=CC(=CC=C1)S(N)(=O)=O,CC(=O)C,298.15,K,-0.760630239
[H][C@@](C)(CCCC(C)C)[C@@]1([H])CC[C@@]2([H])[C@]3([H])CC=C4C[C@H](CC[C@]4(C)[C@@]3([H])CC[C@]12C)OC(=O)CC(C)C,CC(=O)C,293.15,K,-1.672818005
ClC1=CC=C2C(Cl)=CC=NC2=C1,CC(=O)C,299.19,K,-0.097865989
CCCSC1=CC=C2NC(NC(=O)OC)=NC2=C1,CC(=O)C,298.15,K,-2.504718085
CCCCCCCC(O)CC(=O)N(C(=O)NC1=CC=C(C=C1)N(C)C)C1=CC=C(C=C1)N(C)C,CC(=O)C,293.15,K,-1.163185841
CC1=COC2=C1C(=O)C(=O)C1=C3CCCC(C)(C)C3=CC=C21,CC(=O)C,293.28999999999996,K,-1.916855674
CCCCCCCCC\C=C\C(=O)N(C(=O)NC1=CC=C(C=C1)N(C)C)C1=CC=C(C=C1)N(C)C,CC(=O)C,293.15,K,-0.929049367
CON(C(=O)OC)C1=C(COC2=NN(C=C2)C2=CC=C(Cl)C=C2)C=CC=C1,CC(=O)C,293.15,K,0.110336443
C1OC(OC1C1OC(OC1C1COC(O1)C1=CC=CC=C1)C1=CC=CC=C1)C1=CC=CC=C1,CC(=O)C,290.15,K,-2.172700209
OOC1(C2=CC=CC=C2)C2=CC=CC=C2C(OO)(C2=CC=CC=C2)C2=C1C=CC=C2,CC(=O)C,290.15,K,-2.054111614
NC1=NC=CC=C1,CC(=O)C,298.14,K,0.853080619
CCN1C=C(C(O)=O)C(=O)C2=C1N=C(N1CCNCC1)C(F)=C2,CC(=O)C,298.15,K,-2.028466869
COC1=CC(CC2=C(N)N=C(N)N=C2)=CC(OC)=C1OC,CC(=O)C,297.95,K,-1.920111701
CC[C@H]1C2=C(CC[C@@]1(C)C(=O)O[C@@H]1C[C@H](C)CC[C@H]1C(C)C)C1=C(C=C2)C=C(OC)C=C1,CC(=O)C,293.15,K,-1.623085206
[H][C@](NC(C)=O)(C(C)C)C(O)=O,CC(=O)C,298.15,K,-0.463121583
OC(=O)C1=CC=CC(O)=C1,CC(=O)C,296.15,K,0.274707345
OC(=O)C1=CC=CC=C1Cl,CC(=O)C,288.15,K,0.258612562
C1CN2CCN1CC2,CC(=O)C,298.15,K,-0.041083069
CCCCCCCCCCCCCCCC(O)=O,CC(=O)C,297.23999999999995,K,-0.56827648
OC1=CC(O)=C2C(=O)C=C(OC2=C1)C1=CC(O)=C(O)C=C1,CC(=O)C,298.15,K,-1.676181877
C\C=C\C(=O)N(C(=O)NC1=CC=C(C=C1)N(C)C)C1=CC=C(C=C1)N(C)C,CC(=O)C,293.15,K,-1.660560304
CC1=CC=C2NC3=C(CCCC3=O)C2=C1,CC(=O)C,291.45,K,-0.981287159
CC1(C)C2CCC1(C)C(=O)C2C(=O)C1=CC=CC=C1,CC(=O)C,290.15,K,-0.228397885
O=C1O\C(=N\C2=C(C=CC=C2)N(=O)=O)C2=CC=CC=C12,CC(=O)C,293.15,K,-0.616930725
CC(=O)OC1=CC=C(C=C1)C1=CC(=O)C2=C(OC(C)=O)C=C(OC(C)=O)C=C2O1,CC(=O)C,298.15,K,-1.899112145
CCCCCCCC\C=C\C(=O)N(C(=O)NC1=CC=C(C=C1)N(C)C)C1=CC=C(C=C1)N(C)C,CC(=O)C,293.15,K,-1.613894727
[H][C@](N)(CSCC#C)C(O)=O,CC(=O)C,298.15,K,-3.088024262
OC1=C(C=CC=C1N(=O)=O)N(=O)=O,CC(=O)C,287.15,K,0.839847846
CCCCC(NC(C)=O)C(O)=O,CC(=O)C,298.15,K,0.130637881
NC1=NC(N)=NC(N)=N1,CC(=O)C,303.15,K,-2.619789332
[H][C@](C)(CC)[C@@]([H])(NC(C)=O)C(O)=O,CC(=O)C,298.15,K,-0.467725965
OC(=O)C1=CC=CC(Cl)=C1C(=O)C1=CC=CC=C1,CC(=O)C,298.14,K,-1.420291159
OC(=O)CNC(=O)C1=C(O)C=C(C=N1)C1=CC(Cl)=CC=C1,CC(=O)C,295.15,K,-0.486720856
C1COCCOC2=C(OCCOCCOC3=C(OCCO1)C=CC=C3)C=CC=C2,CC(=O)C,298.15,K,-1.052568169
Cl[C@H]1[C@H](Cl)[C@@H](Cl)[C@H](Cl)[C@@H](Cl)[C@@H]1Cl,CC(=O)C,293.15,K,-0.671145442
NC1=NC(=O)N(C=C1)[C@@H]1CS[C@H](CO)O1,CC(=O)C,298.15,K,-2.387200434
N=C(C#N)C(=N)C#N,CC(=O)C,298.15,K,0.296557126
[H][C@@]12COC3=C(C=C(OC)C(OC)=C3)[C@]1([H])C(=O)C1=C(O2)C2=C(O[C@H](C2)C(C)=C)C=C1,CC(=O)C,293.15,K,-0.757114242
CCC1=CC=C(C=C1)C(=O)C1=C(C=CC=C1)C(O)=O,CC(=O)C,299.82,K,-1.136912716
CC(C)(C)C1=CC(O)=C(C=C1O)C(C)(C)C,CC(=O)C,298.03999999999996,K,-0.065985952
CCCCCC(=O)N(C(=O)NC1=CC=C(C=C1)N(C)C)C1=CC=C(C=C1)N(C)C,CC(=O)C,293.15,K,-1.789595827
CN1CCN(CC2=CC(C)=CC=C2)CC(C1)NC(=O)C1=NNC2=C1C=CC=C2,CC(=O)C,303.15,K,-1.00229436
OC(=O)CCC(O)=O,CC(=O)C,293.15,K,-0.48562214
OC(=O)C1=C(C(O)=O)C(=CC=C1)N(=O)=O,CC(=O)C,298.22999999999996,K,-0.08819764
ClCC1=CC=C(C=C1)N(=O)=O,CC(=O)C,303.15,K,0.763514653
OC(=O)CN(CCC#N)CCC#N,CC(=O)C,299.15,K,0.273335105
C[C@H]1OC(=O)C(C1=O)C(C)(C)C1=C(CC(C)=O)[C@@H](C)OC1=O,CC(=O)C,293.15,K,-0.635148702
[H][C@](O)(C1=CC=NC2=C1C=CC=C2)[C@@]1([H])C[C@@H]2CC[N@]1C[C@@H]2C=C,CC(=O)C,298.15,K,-2.614625863
OC1=CC(=C(O)C=C1)P1(=O)OC2=C(C=CC=C2)C2=C1C=CC=C2,CC(=O)C,297.14,K,-1.609235088
O=C(N=N#N)C1=C(C=CC=C1)N(=O)=O,CC(=O)C,293.15,K,0.424178789
NC(=O)C1=CC=CC2=NC3=CC=CC=C3N=C12,CC(=O)C,288.15,K,-2.277799425
COC(=O)CN1C(CC2=CC=CC=C2)C(=O)N(C1=O)C1=CC=CC=C1,CC(=O)C,293.15,K,-0.073451345
OC(=O)CC(O)(CC(O)=O)C(O)=O,CC(=O)C,297.14,K,0.045776626
CC(C)C1=CC2=C(SC3=CC=CC=C3C2=O)C=C1,CC(=O)C,299.14,K,0.231856107
CN(C)C(=S)SSC(=S)N(C)C,CC(=O)C,303.15,K,-0.493387613
CCCCCCCCCCCC(=O)N(C(=O)NC1=CC=C(C=C1)N(C)C)C1=CC=C(C=C1)N(C)C,CC(=O)C,293.15,K,-1.745606359
OC1=CC=C(C=C1)C1=CC(=O)C2=C(O)C=C(O)C=C2O1,CC(=O)C,298.15,K,-2.261489524
CC(N(CCC(O)=O)C(C)=O)C(O)=O,CC(=O)C,298.15,K,-0.759830847
O=C1OC(=O)C2=CC=CC=C12,CC(=O)C,298.14,K,0.247301268
[H][C@@]12C[C@@]3([H])[C@]4([H])CCC5=CC(=O)CC[C@]5(C)[C@@]4([H])CC[C@]3(C)[C@@]1(O2)C(C)=O,CC(=O)C,298.95,K,-0.731952364
N#CSCCSC#N,CC(=O)C,289.15,K,-0.04508515
NC1=C(NC2=CC=CC=C2)C=CC(Cl)=C1,CC(=O)C,293.15,K,0.327631972
CC(N(CCC#N)CCC#N)C(O)=O,CC(=O)C,299.15,K,0.494803302
CSC1=N[C@](C)(C(=O)N1NC1=CC=CC=C1)C1=CC=CC=C1,CC(=O)C,293.15,K,-0.095388362
[H][C@@]1(C[C@@H]2CC[N@]1C[C@@H]2C=C)[C@@H](O)C1=CC=NC2=CC=C(OC)C=C12,CC(=O)C,295.0,K,-1.232358035
CC(=O)OC[C@H]1O[C@@H](OC(C)=O)[C@H](OC(C)=O)[C@@H](OC(C)=O)[C@@H]1OC(C)=O,CC(=O)C,298.15,K,-0.022027947
NC1=C(NC2=CC(Cl)=CC=C2)C=CC(Cl)=C1,CC(=O)C,293.15,K,-0.136173606
CCCCCCCC(N)=O,CC(=O)C,303.15,K,-0.3690667
OC1=C2C=CC=CC2=C(O)C(=C1)P1(=O)OC2=CC=CC=C2C2=CC=CC=C12,CC(=O)C,293.15,K,-1.900236048
CN1C2C(N(C)C1=O)N(C)S(=O)(=O)N2C,CC(=O)C,292.15,K,-1.906661981
O=C(N=N#N)C1=CC(=CC=C1)N(=O)=O,CC(=O)C,293.15,K,0.129779372
[H][C@](C)(\C=C\[C@@]([H])(C)[C@@]1([H])CC[C@@]2([H])\C(CCC[C@]12C)=C\C=C1\C[C@@H](O)CCC1=C)C(C)C,CC(=O)C,299.15,K,-0.200475114
OC1=CC=C2C=CC=CC2=C1\N=N\C1=CC=CC=C1,CC(=O)C,298.0,K,-1.130189922
NC(=O)C1=CC=C(C=C1)S(N)(=O)=O,CC(=O)C,298.15,K,-1.854345088
C1=CC2=CC3=CC=CC=C3C=C2C=C1,CC(=O)C,293.15,K,-1.337249478
OC(=O)C1=CN(C2CC2)C2=CC(N3CCNCC3)=C(F)C=C2C1=O,CC(=O)C,298.14,K,-3.76721595
CC(OCC(N)=O)C(N)=O,CC(=O)C,293.15,K,-1.155973924
NC(=O)C1=CC(O)=CC=C1,CC(=O)C,293.15,K,-0.537602221
CC(=O)OCC(COC(=O)C1=CC=C(C=C1)N(=O)=O)OC(=O)C1=CC=C(C=C1)N(=O)=O,CC(=O)C,294.15,K,-1.272611445
C1C2=CC=CC=C2C2=C1C=CC=C2,CC(=O)C,297.98999999999995,K,-0.032223325
O=C(OCC(COC(=O)C1=CC=C(C=C1)N(=O)=O)OC(=O)C1=CC=CC=C1)C1=CC=C(C=C1)N(=O)=O,CC(=O)C,294.15,K,-1.231019379
CO\C=C(\C(C)=O)C1=C(OC2=CC(OC3=C(C=CC=C3)C#N)=NC=N2)C=CC=C1,CC(=O)C,293.15,K,-0.65365556
CN1CCN(CC1)C1=CC2=C(C=C1F)C(=O)C(=CN2C1=CC=C(F)C=C1)C(O)=O,CC(=O)C,298.14,K,-1.043231673
CC1(C)[C@H](CC[C@@]1(C)C(O)=O)C(N)=O,CC(=O)C,291.15,K,-1.103498678
ClC1=CC=C(Cl)C=C1,CC(=O)C,293.15,K,0.588545704
O=C1OC(NC2=CC(=CC=C2)N(=O)=O)(NC2=CC(=CC=C2)N(=O)=O)C2=CC=CC=C12,CC(=O)C,293.15,K,-0.51935619
CCN1C=C(C(O)=O)C(=O)C2=CC(F)=C(C=C12)N1CCNCC1,CC(=O)C,298.15,K,-1.796677705
CC1(C)COP(=O)(NCCNP2(=O)OCC(C)(C)CO2)OC1,CC(=O)C,298.14,K,-1.358088214
IC(I)I,CC(=O)C,298.15,K,-0.516019467
COC1=C(NC2=CC(C)=C(C=C2N(=O)=O)N(=O)=O)C=CC=C1,CC(=O)C,297.65,K,-0.91579268
CO\N=C(\C(=O)OC)C1=C(CO\N=C(/C)C2=CC(=CC=C2)C(F)(F)F)C=CC=C1,CC(=O)C,298.15,K,0.08790873
C1C2CC3CC1CC(C2)C3,CC(=O)C,293.15,K,0.246296012
[H][C@@]12OC3=C(OC)C=CC4=C3[C@@]11CCN(C)[C@H](C4)[C@]1([H])C=C[C@@H]2O,CC(=O)C,293.15,K,-0.369151016
CCCCCCC(=O)N(C(=O)NC1=CC=C(C=C1)N(C)C)C1=CC=C(C=C1)N(C)C,CC(=O)C,293.15,K,-1.642960017
OC1=C(C=C(C=C1N(=O)=O)N(=O)=O)N(=O)=O,CC(=O)C,293.15,K,0.456469311
CC1(OC(=O)N(NC2=CC=CC=C2)C1=O)C1=CC=C(OC2=CC=CC=C2)C=C1,CC(=O)C,298.15,K,-0.135580637
[H][C@]12[C@H](C[C@@H](C)C=C1C=C[C@H](C)[C@@H]2CC[C@@H]1C[C@@H](O)CC(=O)O1)OC(=O)[C@@H](C)CC,CC(=O)C,298.75,K,-0.778343399
O[C@@H]1CCCC[C@H]1O,CC(=O)C,293.15,K,-0.245512668
CC1(C)[C@@H]2CC[C@@]1(C)C(=O)\C2=C(/O)C1=CC=CC=C1,CC(=O)C,290.15,K,-0.235201593
O=C(N=N#N)C1=CC=CC=C1,CC(=O)C,293.15,K,0.85748448
CCCCCCCCCCCCCCCCCCCCCCCC,CC(=O)C,293.0,K,-2.585282514
CCCCCCCCCCCC(O)=O,CC(=O)C,297.98999999999995,K,0.481329133
O=N(=O)C1=CC=C(C2=C1C=CC=C2N(=O)=O)N(=O)=O,CC(=O)C,288.15,K,-0.487933625
[H][C@@]12C[C@@H](O)[C@H](O)[C@@]1(C)CC[C@]1([H])C3=C(CC[C@@]21[H])C=C(O)C=C3,CC(=O)C,303.15,K,-1.948105681
OC(=O)CC1=CC=CC2=CC=CC=C12,CC(=O)C,298.94,K,0.516299798
CCCCC(=O)N(C(=O)NC1=CC=C(C=C1)N(C)C)C1=CC=C(C=C1)N(C)C,CC(=O)C,293.15,K,-1.658384817
CNC(=O)C(=N#N)C(=O)OC,CC(=O)C,291.15,K,0.35852951
CS(=O)(=O)C1=CC=C(C=O)C=C1,CC(=O)C,298.14,K,-1.325526145
CCCCCCCCCCCCCCCC1=CC=CC(O)=C1,CC(=O)C,297.53,K,0.676000641
O=C1OC(=O)C2C3=C(C=CC=C3)C1C1=C2C=CC=C1,CC(=O)C,288.15,K,-1.097351032
OC(=O)C1=CC=CN=C1,CC(=O)C,296.15,K,-1.499232252
OC1=CC(O)=CC(O)=C1,CC(=O)C,298.15,K,0.534039156
CC(=O)NC1=CC=C(C=C1)C(O)=O,CC(=O)C,293.15,K,-1.292430062
CCCCOC(=O)C1=CC=C(O)C=C1,CC(=O)C,293.04999999999995,K,0.430177531
[H][C@@](CC1=CC=C(O)C=C1)(N(CCC#N)CCC#N)C(O)=O,CC(=O)C,299.15,K,0.175105621
CCCCCCCCCCCCCCCCCC(O)=O,CC(=O)C,298.03999999999996,K,-0.98281575
CN(C)C1=CC=C(C=C1)N(=O)=O,CC(=O)C,298.15,K,-1.722553688
COC1=CC(\C=C\CO)=CC(OC)=C1O[C@@H]1O[C@H](CO)[C@@H](O)[C@H](O)[C@H]1O,CC(=O)C,293.15,K,-2.676107361
OP(O)(=O)C1=CC=CC=C1,CC(=O)C,298.14,K,0.371741675
[H][C@]12C[C@@]3([H])C4=CCO[C@@]5([H])CC(=O)N6C7=C(C=CC=C7)[C@@]1(CCN2C4)[C@]6([H])[C@@]35[H],CC(=O)C,288.15,K,-2.403715714
CC1=NC(NS(=O)(=O)C2=CC=C(N)C=C2)=NC=C1,CC(=O)C,297.15,K,-1.388288632
NNC(=O)C1=CC=NC=C1,CC(=O)C,300.98999999999995,K,-0.893415339
OC(=O)[C@H]1[C@H]([C@H]([C@@H]1C1=CC=CC=C1)C1=CC=CC=C1)C(O)=O,CC(=O)C,293.15,K,-1.207123417
NC(=O)C1=CC=C(O)C=C1,CC(=O)C,293.15,K,-0.906578621
NC1=C(NC2=CC=CC=C2)C=CC=C1Cl,CC(=O)C,293.15,K,0.204247063
CC(C)(O)[C@H]1CC[C@@](C)(O)CC1,CC(=O)C,298.15,K,-0.66756881
[H][C@@]12OC3=C4C(C[C@H]5N(C)CC[C@@]14[C@@]5([H])CC[C@@H]2O)=CC=C3OC,CC(=O)C,293.15,K,-0.936435936
OC1=CC(O)=C2C(=O)C(O)=C(OC2=C1)C1=CC=C(O)C(O)=C1,CC(=O)C,293.15,K,-0.878291949
CCCCCCC\C=C\C(=O)N(C(=O)NC1=CC=C(C=C1)N(C)C)C1=CC=C(C=C1)N(C)C,CC(=O)C,293.15,K,-1.37873342
[H][C@@](CCC(O)=O)(NC(C)=O)C(O)=O,CC(=O)C,298.15,K,-1.954628378
CC(=O)NC1=CC=CC(=C1)C(O)=O,CC(=O)C,293.15,K,-1.657577319
O=N(=O)C1=CC=C(NC2=CC=CC=C2)C(=C1)N(=O)=O,CC(=O)C,288.15,K,-0.943035544
C1=CC=C(C=C1)P(C1=CC=CC=C1)C1=CC=CC=C1,CC(=O)C,303.19,K,0.080083531
CCCCCCCCC(O)CC(=O)N(C(=O)NC1=CC=C(C=C1)N(C)C)C1=CC=C(C=C1)N(C)C,CC(=O)C,293.15,K,-1.759393273
O=N(=O)C1=CC=CC2=C1C=CC=C2,CC(=O)C,291.15,K,0.775650381
NC(=O)NCC1=CC=CC=C1,CC(=O)C,296.15,K,-0.685250406
O[C@@H]1CCC[C@@H](O)C1,CC(=O)C,290.65,K,-0.167429512
CC1=CC=C(C=C1N(=O)=O)N(=O)=O,CC(=O)C,288.15,K,0.547763067
O=C1CCC2=CC(OCCCCC3=NN=NN3C3CCCCC3)=CC=C2N1,CC(=O)C,298.15,K,-1.699519292
[H][C@@]12CC[C@@H]3C[C@]1(CC3=C)[C@@H](C(O)=O)[C@]1([H])[C@@]3(C)[C@@H](O)CC[C@@]21OC3=O,CC(=O)C,298.14,K,-0.029194105
ClC1=C(Cl)C2=C(Cl)C(Cl)=C(Cl)C(Cl)=C2C(Cl)=C1Cl,CC(=O)C,295.65,K,-2.004035333
[H][C@@](C)(CCCC(C)C)[C@@]1([H])CC[C@@]2([H])[C@]3([H])CC=C4C[C@H](CC[C@]4(C)[C@@]3([H])CC[C@]12C)OC(=O)CCCC,CC(=O)C,293.15,K,-1.558874652
O[C@@]1(C2=CC=CC=C2)C2=C(C=CC=C2)[C@@](O)(C2=CC=CC=C2)C2=C1C=CC=C2,CC(=O)C,290.15,K,-2.163690796
CC1=CC=C(C=C1)C1=CC(=NN1C1=CC=C(C=C1)S(N)(=O)=O)C(F)(F)F,CC(=O)C,298.15,K,0.23155772
CC(=O)NC1=CC=C(O)C=C1,CC(=O)C,298.15,K,-0.285320521
CC1(C)CC(\C=C\C2=CC=C(O)C=C2)=C/C(C1)=C(/C#N)C#N,CC(=O)C,298.15,K,-0.154774845
OCCOC1=C2C=CC=CC2=C(OCCO)C(=C1)P1(=O)OC2=C(C=CC=C2)C2=C1C=CC=C2,CC(=O)C,293.15,K,-2.770184797
CN(C(N)=O)C1=CC=CC=C1,CC(=O)C,296.15,K,0.29173523
CCCCCCCCCCCCCCCCCC(=O)OCCCCOP(O)(=O)OCCN,CC(=O)C,293.15,K,-2.956637714
CSCC12CSCC(C1)C(C)=CC2=O,CC(=O)C,293.15,K,0.058657723
OC(=O)C1=CC=CO1,CC(=O)C,299.14,K,0.444349871
CCCCCCC(O)CC(=O)N(C(=O)NC1=CC=C(C=C1)N(C)C)C1=CC=C(C=C1)N(C)C,CC(=O)C,293.15,K,-1.32820329
CC(=O)N(C1CCCCC1)C1=CC=CC=C1,CC(=O)C,293.15,K,0.433770301
CC1=C(C=C(C=C1N(=O)=O)N(=O)=O)N(=O)=O,CC(=O)C,292.98999999999995,K,0.579982105
OCCCP(=O)(CCCO)CCCO,CC(=O)C,298.13,K,-1.864985102
OC1=CC(Br)=C(C=C1)N(=O)=O,CC(=O)C,303.15,K,-1.915224565
CCCCCCCCCCCCCC(O)=O,CC(=O)C,293.15,K,-0.262381779
OC(=O)C1=CC=C(Br)C=C1,CC(=O)C,293.15,K,-0.30364119
[H][C@](O)(C(=O)NCCC(=O)NCCSC(=O)C1=CC=CC2=C1C=CC=C2)C(C)(C)CO,CC(=O)C,293.15,K,-1.459936021
OC1=CC=C(C=C1)C1=COC2=CC(O)=CC(O)=C2C1=O,CC(=O)C,290.65,K,-1.169035538
CN(C)C1=CC=C(NC(=O)N(C=O)C2=CC=C(C=C2)N(C)C)C=C1,CC(=O)C,293.15,K,-1.684379381
ClP1(Cl)=NP(Cl)(Cl)=NP(Cl)(Cl)=N1,CC(=O)C,293.15,K,-0.423567349
O=N(=O)C1=CC=C(OC2=C(C=C(C=C2N(=O)=O)N(=O)=O)N(=O)=O)C(=C1)N(=O)=O,CC(=O)C,296.15,K,-0.401133386
OC1=CC=C(C=C1N(=O)=O)N(=O)=O,CC(=O)C,288.15,K,0.184891445
C1=CC2=CC=CC=C2C=C1,CC(=O)C,298.09999999999997,K,0.470144966
CCCCCCCCCC\C=C\C(=O)N(C(=O)NC1=CC=C(C=C1)N(C)C)C1=CC=C(C=C1)N(C)C,CC(=O)C,293.15,K,-3.841548882
O=N(=O)C1=CC(=C(NC2=CC=C(C=C2N(=O)=O)N(=O)=O)C=C1)N(=O)=O,CC(=O)C,288.15,K,-1.11674556
CCOC(=O)C1=C(C)NC(\C=C2/N=C(C)C(C(=O)OCC)=C/2C)=C1C,CC(=O)C,298.15,K,-2.235825584
[H][C@](O)(C(=O)NCCC(=O)NCCSC(=O)C1=CC=CC=C1)C(C)(C)CO,CC(=O)C,293.15,K,-0.883639862
N1C2=C(C=CC=C2)C2=C1C=CC=C2,CC(=O)C,303.15,K,-0.341620856
CC1=CC(=CC(C)=C1)C(O)=O,CC(=O)C,293.15,K,-0.194784817
C1COCCOC2=C(OCCOCCOCCOC3=C(OCCO1)C=CC=C3)C=CC=C2,CC(=O)C,298.15,K,-1.498936526
[H][C@](O)(CO)[C@]([H])(O)CO,CC(=O)C,296.54999999999995,K,-2.452585735
NC1=C(NC2=C(Cl)C=CC=C2)C=CC(Cl)=C1,CC(=O)C,293.15,K,-0.136173606
COC(=O)C1=C(O)C(C)=C(O)C=C1C,CC(=O)C,293.14,K,0.35053991
NC1=CC=CC2=C1C(=O)N(C1CCC(=O)NC1=O)C2=O,CC(=O)C,293.15,K,-2.137703915
[H][C@@]12CC[C@H](O)[C@@]1(C)CC[C@]1([H])C3=CC=C(OC(=O)C4=CC=CC=C4)C=C3CC[C@@]21[H],CC(=O)C,293.15,K,-0.274730371
CCCCCCCCCC(O)CC(=O)N(C(=O)NC1=CC=C(C=C1)N(C)C)C1=CC=C(C=C1)N(C)C,CC(=O)C,293.15,K,-1.170790508
O=C1C2=CC(=CC(=C2C2=C1C=C(C=C2)N(=O)=O)N(=O)=O)N(=O)=O,CC(=O)C,295.15,K,-0.88605527
COC(=O)C1=C(O[C@@H]2O[C@H](CO[C@@H]3OC[C@@H](O)[C@H](O)[C@H]3O)[C@@H](O)[C@H](O)[C@H]2O)C=CC=C1,CC(=O)C,292.15,K,-2.567341591
O[C@H]1CC[C@H](O)CC1,CC(=O)C,289.15,K,-0.784023236
C1N2CN3CN1CN(C2)C3,CC(=O)C,293.15,K,-0.950811187
ONC(=O)CCCCCCNC(=O)C1=CN=C(N=C1)N(C1=CC=CC=C1)C1=CC=CC=C1Cl,CC(=O)C,288.15,K,-1.628811407
CC(=O)CC(=O)N(C1=CC=CC=C1)C1=CC=CC=C1,CC(=O)C,293.15,K,0.259120927
CN(C)C1=CC=C(NC(=O)N(C(C)=O)C2=CC=C(C=C2)N(C)C)C=C1,CC(=O)C,293.15,K,-1.673363962
[H][C@@]12CC[C@H](O)[C@@]1(C)CC[C@]1([H])C3=CC=C(O)C=C3CC[C@@]21[H],CC(=O)C,303.15,K,-0.680578154
O=C1COCCO1,CC(=O)C,288.45,K,0.964031913
CCCS(=O)C1=CC=C2NC(NC(=O)OC)=NC2=C1,CC(=O)C,298.15,K,-3.847163773
OC(=O)\C=C\C(O)=O,CC(=O)C,296.98999999999995,K,-1.103563434
CC#CC(=O)N1CCC[C@H]1C1=NC(=C2N1C=CN=C2N)C1=CC=C(C=C1)C(=O)NC1=NC=CC=C1,CC(=O)C,298.15,K,-2.190811492
OC1=C2N=CC=CC2=C(Cl)C=C1Cl,CC(=O)C,298.15,K,-1.330517261
ClC1=C2C(=O)C(Cl)(Cl)C(=O)C2=C(Cl)C(Cl)=C1Cl,CC(=O)C,298.15,K,-0.558543656
O=C1OC(=O)C2=C1C=CC(=C2)C1=CC2=C(C=C1)C(=O)OC2=O,CC(=O)C,298.15,K,-2.573802534
OC(=O)CC1=CC=CC=C1,CC(=O)C,293.15,K,0.996380458
OC(=O)CCCCC(O)=O,CC(=O)C,298.14,K,-0.642191393
CC(=O)OC(COC(=O)C1=CC=C(C=C1)N(=O)=O)COC(=O)C1=CC=C(C=C1)N(=O)=O,CC(=O)C,294.15,K,-1.371742918
NS(=O)(=O)C1=CC=C(C=C1)S(N)(=O)=O,CC(=O)C,298.15,K,-0.771354104
OC(=O)C1=CC=CC=C1,CC(=O)C,298.15,K,0.513935905
O=C(C(=O)C1=CC=CC=C1)C1=CC=CC=C1,CC(=O)C,298.15,K,0.334813507
OC(=O)C1=CC(O)=CC=C1O,CC(=O)C,298.15,K,-0.187864636
CNC(=O)C(=N\OC)\C1=C(COC2=CC(C)=CC=C2C)C=CC=C1,CC(=O)C,293.15,K,-0.678052926
FC1=CC=C(NC(=O)C2=C(OC3=CC(=CC=C3)C(F)(F)F)N=CC=C2)C(F)=C1,CC(=O)C,293.15,K,-0.595827879
CC(OC1=CC=CC2=CC=CC=C12)C(N)=O,CC(=O)C,298.15,K,-1.08782952
ClCCN(CCCl)C1=CC2=CC=CC=C2C=C1,CC(=O)C,288.15,K,0.495843183
[H][C@@](C)(CCCC(C)C)[C@@]1([H])CC[C@@]2([H])[C@]3([H])CC=C4C[C@H](CC[C@]4(C)[C@@]3([H])CC[C@]12C)OC(=O)C(O)=O,CC(=O)C,293.15,K,-0.855331724
CCCCCCCCCCCCCCCCCCCCCCC(O)=O,CC(=O)C,288.15,K,-1.549759551
O1C2=C(OP11=NP3(OC4=C(O3)C=CC=C4)=NP3(OC4=C(O3)C=CC=C4)=N1)C=CC=C2,CC(=O)C,298.34,K,-2.363869395
CN1C2C(N(C)C1=O)N(C)C(=O)N2C,CC(=O)C,292.15,K,-0.926617581
NC1=C(C(=C(C(=C1N(=O)=O)N(=O)=O)N(=O)=O)N(=O)=O)N(=O)=O,CC(=O)C,293.15,K,-0.125835238
ClC1=CC(Cl)=CC(Cl)=C1,CC(=O)C,298.14,K,0.19477696
CN(C)C1=CC=C(NC(=O)N(C(=O)\C=C(/C)C)C2=CC=C(C=C2)N(C)C)C=C1,CC(=O)C,293.15,K,-1.361191135
[H][C@@]12C[C@@]3([H])[C@]4([H])CCC5=CC(=O)CC[C@]5(C)[C@@]4([H])[C@H](O)C[C@]3(C)[C@@]1(O2)C(C)=O,CC(=O)C,298.34999999999997,K,-1.657652075
O=C(NC1=CC=CC2=CC=CC=C12)N(C1=CC=CC=C1)C1=CC=CC=C1,CC(=O)C,293.15,K,-1.610363812
OC(=O)C1=CC=C(Cl)C=C1,CC(=O)C,293.15,K,-0.800254097
CC(C)(O)P1(=O)OCC2(CO1)COP(=O)(OC2)C(C)(C)O,CC(=O)C,298.42999999999995,K,-1.987351504
O=N(=O)N1CN(CN(C1)N(=O)=O)N(=O)=O,CC(=O)C,293.15,K,-0.583749167
[H][C@@](C)(CCCC(C)C)[C@@]1([H])CC[C@@]2([H])[C@]3([H])CC=C4C[C@H](CC[C@]4(C)[C@@]3([H])CC[C@]12C)OC(C)=O,CC(=O)C,293.15,K,-1.234212462
OCCCCOC(=O)NCCCCCCNC(=O)OCCCCO,CC(=O)C,293.15,K,-1.843158001
COP(=O)(NC(C)=O)SC,CC(=O)C,299.44,K,-0.037053105
O=C(N=N#N)C1=C(C=C(C=C1N(=O)=O)N(=O)=O)N(=O)=O,CC(=O)C,293.15,K,-0.953518081
[H][C@@](C)(CCCC(C)C)[C@@]1([H])CC[C@@]2([H])[C@]3([H])CC=C4C[C@H](CC[C@]4(C)[C@@]3([H])CC[C@]12C)OC=O,CC(=O)C,293.15,K,-0.825313022
OC(=O)C1=CC=CC=C1O,CC(=O)C,298.15,K,0.38412846
[H][C@]12COC(=O)[C@]1([H])[C@H](C1=CC(OC)=C(OC)C(OC)=C1)C1=C(C=C3OCOC3=C1)[C@@H]2O,CC(=O)C,293.19,K,-0.983384521
O[C@@H](CCC1=CCCC1=O)CC(O)=O,CC(=O)C,293.15,K,-0.960685547
CCCCC1=NC2(CCCC2)C(=O)N1CC1=CC=C(C=C1)C1=CC=CC=C1C1=NN=NN1,CC(=O)C,298.23999999999995,K,-3.038076782
CCCCCCCCCCCCC(=O)N(C(=O)NC1=CC=C(C=C1)N(C)C)C1=CC=C(C=C1)N(C)C,CC(=O)C,291.15,K,-1.952421268
OC(=O)C1=CC(O)=C(O)C=C1,CC(=O)C,298.15,K,-0.187864636
NC1=C(NC2=CC=CC=C2)C=C(Cl)C=C1,CC(=O)C,293.15,K,-0.10937206
ClC1=NC=C(CN2CCN=C2NN(=O)=O)C=C1,CC(=O)C,300.03999999999996,K,-0.718857066
[H][C@@](C)(O)[C@@]1([H])CC[C@@]2([H])[C@]3([H])CC[C@]4([H])C[C@H](O)CC[C@]4(C)[C@@]3([H])CC[C@]12C,CC(=O)C,288.15,K,-2.872381259
CC1=C(C(O)=C(C=C1N(=O)=O)N(=O)=O)N(=O)=O,CC(=O)C,290.15,K,0.485879894
[H][C@@]1(COC(O1)C1=CC=CC=C1)[C@]1([H])O[C@@H](O[C@]2([H])CO[C@@H](O[C@]12[H])C1=CC=CC=C1)C1=CC=CC=C1,CC(=O)C,290.15,K,-1.977723605
OC1=C2N=CC=CC2=C(C=C1I)S(O)(=O)=O,CC(=O)C,298.15,K,-3.642366818
CC1=CC=C(C)C(=C1N(=O)=O)N(=O)=O,CC(=O)C,288.15,K,0.18450416
OC1=C2N=CC=CC2=C(Br)C=C1Br,CC(=O)C,293.15,K,-1.812523609
C1=CC=C2C(C=CC=C2C2=CC=CC3=CC=CC=C23)=C1,CC(=O)C,293.15,K,-1.193822267
ClC1=CC=C(SSC2=CC=C(Cl)C=C2)C=C1,CC(=O)C,302.94,K,0.139293696
CC1=CC(=C(C)C(=C1N(=O)=O)N(=O)=O)N(=O)=O,CC(=O)C,288.15,K,-0.683335271
OC1=CC=CC=C1C(=O)OC1=CC=CC=C1,CC(=O)C,303.15,K,0.563573103
CCOC1=C(C=C(C=C1)N(=O)=O)\C=N\NC(N)=O,CC(=O)C,293.15,K,-2.029805828
OC1=CC=C(C=C1)C1=COC2=CC(O)=CC=C2C1=O,CC(=O)C,290.65,K,-1.037276829
OC1=CC=C(C=C1)C(=O)C1=C(O)C(O)=C(O)C=C1,CC(=O)C,298.14,K,0.144793846
COC1=CN=C(Cl)N=C1Cl,CC(=O)C,297.34,K,0.671898215
C1=CC=C(C=C1)C1=CC=CC=C1,CC(=O)C,298.15,K,0.684477909
O=N(=O)C1=CC=CC2=C(C=CC=C12)N(=O)=O,CC(=O)C,289.15,K,-1.776470431
OCP1(=O)OC2=C(C=CC=C2)C2=CC=CC=C12,CC(=O)C,302.25,K,-1.402735403
COC1=CC=C(C=C1OC)C(=O)N1CCN(CC1)C1=CC2=C(NC(=O)CC2)C=C1,CC(=O)C,298.15,K,-2.896797821
O=C1CCCCCCCCCCCCCCCCCN1,c1ccccc1,295.15,K,0.171100776
CCCCCCC(N)=O,c1ccccc1,293.15,K,-1.342690328
CN(c1c(cc(cc1[N+]([O-])=O)[N+]([O-])=O)[N+]([O-])=O)[N+]([O-])=O,c1ccccc1,291.15,K,-0.810589193
CCCCCC(N)=O,c1ccccc1,293.15,K,-1.058156274
Nc1ccc(cc1)C(O)=O,c1ccccc1,298.15,K,-2.34814254
Cc1ccc(cc1)N(c2cccc(C)c2)c3cccc(C)c3,c1ccccc1,290.15,K,0.436610032
CCOc1c(cc(cc1[N+]([O-])=O)[N+]([O-])=O)[N+]([O-])=O,c1ccccc1,288.15,K,0.224355743
COc1cccc(C=NNc2ccc(cc2[N+]([O-])=O)[N+]([O-])=O)c1,c1ccccc1,293.15,K,-2.988178757
CC12SC3(C)SC(C)(S1)SC(C)(S2)S3,c1ccccc1,293.15,K,0.117757985
[C@@H]45C3=NC1=C([C@H]2CC[C@@H]1C2(C)C)N=C3[C@@H](CC4)C5(C)C,c1ccccc1,293.15,K,-0.39912237
C[C@@H]3CCCC(NC(=O)c1cccc2ccccc12)C3,c1ccccc1,299.15,K,-0.405925001
Cc1ccccc1N=Nc2ccc(O)cc2,c1ccccc1,303.15,K,-0.044894198
Clc1c(Cl)c(Cl)c2C(=O)OC(=O)c2c1Cl,c1ccccc1,298.15,K,-0.91164702
[O-][N+](=O)c1cccc2cccc(c12)[N+]([O-])=O,c1ccccc1,289.15,K,-1.521227671
N#C/C(c1ccccc1)=N(=O)/c2ccc(Cl)cc2,c1ccccc1,299.15,K,-0.270795364
c1cc2ccc3cccc4ccc(c1)c2c34,c1ccccc1,293.15,K,-0.259626574
OC(=O)CCC(=O)NNC(=O)c1ccccc1,c1ccccc1,298.15,K,-3.397897726
O=C(OCOC(=O)c1ccccc1)c2ccccc2,c1ccccc1,297.15,K,-0.034809562
OC(=O)CCCCCCCC(O)=O,c1ccccc1,298.15,K,-3.368383065
[O-][N+](=O)c1cc2cccc(c2c(c1)[N+]([O-])=O)[N+]([O-])=O,c1ccccc1,288.15,K,-1.868131264
O[P](=O)(c1ccccc1)c2ccccc2,c1ccccc1,293.14,K,-2.105104492
CCc1c(c2/cc/3\nc(/cc\4/c(c(/c(/[nH]4)c/c5n/c(c\c1[nH]2)/C(=C5C)CC)C)CC)C(=C3C)CC)C,c1ccccc1,298.15,K,-2.795880925
CCOC(=O)c1cnn(C)c1[S](=O)(=O)NC(=O)Nc2nc(OC)cc(OC)n2,c1ccccc1,293.15,K,-1.4242941
NC(=O)C(O)c1ccccc1Cl,c1ccccc1,295.15,K,-1.881211544
N#Cc1c2ccccc2c(C#N)c3ccccc13,c1ccccc1,293.15,K,-2.756356503
Cc1ccc(c(C)c1)C(O)=O,c1ccccc1,293.15,K,-0.625153426
C(=CC=Cc1ccccc1)C=Cc2ccccc2,c1ccccc1,292.15,K,-1.431597495
Oc1ccc(N=Nc2ccccc2)c(O)c1,c1ccccc1,303.15,K,-1.507550426
CN1CC[C@]23[C@H]4Oc5c(O)ccc(C[C@@H]1[C@@H]2C=C[C@@H]4O)c35,c1ccccc1,293.15,K,-2.713522567
Oc1ccc(cc1)[N+]([O-])=O,c1ccccc1,298.15,K,-1.019509832
CC(C)CC(CC(C)C)(CC(C)C)C(=O)NO,c1ccccc1,299.15,K,-0.431798276
OC(C(O)=O)c1ccc(Cl)cc1,c1ccccc1,295.15,K,-1.598802144
[O-][N+](=O)c1ccc(C=O)cc1,c1ccccc1,299.15,K,-0.277373785
CCC\C=C/C(N)=O,c1ccccc1,293.15,K,0.648860333
ON=C1C(=O)C=Cc2ccccc12,c1ccccc1,299.15,K,-0.376755606
O=C1c2ccccc2c3c4c1cccc4c5cccc6C(=O)c7ccccc7c3c56,c1ccccc1,296.15,K,-2.188086645
CCCCCCC(C)=NNC(N)=O,c1ccccc1,293.15,K,-1.40926556
OC(C#CC(O)(c1ccccc1)c2ccccc2)(c3ccccc3)c4ccccc4,c1ccccc1,297.15,K,-3.81024671
C[C@H]1OC=C2C(=C(C(O)=O)C(=O)C(=C2[C@@H]1C)C)O,c1ccccc1,298.15,K,-0.942313597
O=C(C(C(=O)c1ccccc1)C(=O)c2ccccc2)c3ccccc3,c1ccccc1,294.15,K,-2.971795408
C1Cc2cccc3cccc1c23,c1ccccc1,297.98999999999995,K,0.260115988
O=C1NC(=O)C(N1)(c2ccccc2)c3ccccc3,c1ccccc1,293.15,K,-3.225777791
[O-][N+](=O)c1ccc(Cl)cc1,c1ccccc1,290.15,K,0.667218289
CCOC(=O)C(=O)C(=O)OCC,c1ccccc1,295.15,K,0.060099036
CCC1(C(=O)NC(=O)NC1=O)c2ccccc2,c1ccccc1,293.15,K,-2.380508679
CN(C(=O)C(=O)N(C)[N+]([O-])=O)[N+]([O-])=O,c1ccccc1,293.15,K,-0.389334259
Cc5ccc(/N=C(Nc1ccc(C)cc1)/N(c2ccc(C)cc2)c4nc3cc(C)ccc3[nH]4)cc5,c1ccccc1,288.15,K,-1.560280876
c1ccc(cc1)/N=N/c2ccccc2,c1ccccc1,298.15,K,0.225964192
CCCC(N)=O,c1ccccc1,293.15,K,-1.599681728
CC(C)[C@@H](C)/C=C/[C@@H](C)[C@H]1CC[C@H]2C3=CC=C4C[C@@H](O)CC[C@]4(C)[C@H]3CC[C@]12C,c1ccccc1,289.15,K,-1.62903887
O=C1c2cccc3cccc(c23)C1=C4C(=O)c5cccc6cccc4c56,c1ccccc1,292.15,K,-2.325706484
Nc1ccccc1[N+]([O-])=O,c1ccccc1,298.15,K,0.012926413
CCCCC(CCC)=NNC(N)=O,c1ccccc1,293.15,K,0.093925079
COc1cc2OC[C@H]3Oc4c5C[C@@H](Oc5ccc4C(=O)[C@H]3c2cc1OC)C(C)C,c1ccccc1,298.15,K,-0.798836918
c1ccc2cc3c(ccc4ccccc34)cc2c1,c1ccccc1,293.15,K,-1.721252106
CC(=O)NC(Cc1c[nH]c2ccccc12)C(O)=O,c1ccccc1,294.15,K,-3.859925539
c1ccc(cc1)/N=N/c2cc(cc(c2O)Cl)Cl,c1ccccc1,303.15,K,-0.292462151
O=[P](c1ccccc1)(c2ccccc2)c3ccccc3,c1ccccc1,299.15,K,-0.038579503
COc1c(cc(cc1[N+]([O-])=O)[N+]([O-])=O)[N+]([O-])=O,c1ccccc1,288.15,K,0.534292363
BrC1C(OC(=O)C1=O)c2ccc(Br)cc2,c1ccccc1,294.15,K,-0.921639663
Cc1ccc(O)cc1O,c1ccccc1,298.04999999999995,K,-1.281816615
CCCC(=O)O[C@@]1(CC[C@H]2[C@@H]3CCC4=CC(=O)CC[C@]4(C)[C@H]3[C@@H](O)C[C@]12C)C(=O)COC(=O)CC,c1ccccc1,298.15,K,-1.071971787
CCc1c(O)cc(C)cc1O,c1ccccc1,298.04999999999995,K,-1.214763328
CCC1(CC)C(=O)NC(=O)NC1=O,c1ccccc1,293.15,K,-2.555160472
CCCCCCCCCC(C(O)=O)C(O)=O,c1ccccc1,298.15,K,-2.917370255
OC(=O)[C@@H](Br)[C@@H](Br)c1ccccc1,c1ccccc1,289.15,K,-1.57469315
CC(=O)Nc1ccccc1,c1ccccc1,298.15,K,-1.07109206
COc1cc2OC[C@H]3Oc4c(CC=C(C)C)c(O)ccc4C(=O)[C@H]3c2cc1OC,c1ccccc1,298.15,K,-1.899207463
CCCCCCCCC(N)=O,c1ccccc1,293.15,K,-1.697800618
Oc1cccc(O)c1,c1ccccc1,297.15,K,-1.68029568
Cc1ccc3c(c1)nc(Nc2ccccc2)n3/C(=N\c4ccccc4)Nc5ccccc5,c1ccccc1,288.15,K,-1.979195892
[O-][N+](=O)c1ccc(Cc2ccc(cc2)[N+]([O-])=O)cc1,c1ccccc1,293.15,K,-0.99238638
CCC1(NC(=O)N(C)C1=O)c2ccccc2,c1ccccc1,297.15,K,-0.614688332
c1(ccccc1)C(C#N)=N(=O)c2ccc(C)cc2,c1ccccc1,299.15,K,-0.339592419
CCCCC\C=C/C(N)=O,c1ccccc1,293.15,K,0.341264486
CCCCC/C=C/C(N)=O,c1ccccc1,293.15,K,-1.845642737
CN1CC[C@]23[C@H]4Oc5c(OC(C)=O)ccc(C[C@@H]1[C@@H]2C=C[C@@H]4OC(C)=O)c35,c1ccccc1,298.15,K,-0.470606864
CCOC(=O)C(=NNc1c(Br)cc(Br)cc1Br)C#N,c1ccccc1,288.15,K,-0.767429023
CCc1cc(O)c(C)cc1N=Nc2cccc(c2)C(C)=O,c1ccccc1,303.15,K,-0.53745977
CCCCCCCCC(CC)(CC)C(=O)NO,c1ccccc1,299.15,K,-0.1487414
Cc1cccc(C)c1C(O)=O,c1ccccc1,293.15,K,-0.287862464
CCCCCCCCCCC(C(O)=O)C(O)=O,c1ccccc1,298.15,K,-3.625930531
CCc1cc(O)ccc1N=Nc2cccc(c2)C(C)=O,c1ccccc1,303.15,K,-1.551642395
CCC(CC)(Cc1ccc(C)cc1)C(=O)NO,c1ccccc1,299.15,K,-1.522871363
S1C(SC(SC1c2ccccc2)c3ccccc3)c4ccccc4,c1ccccc1,298.15,K,-0.836325348
[O-][N+](=O)c1cc(c(Cl)c(c1)[N+]([O-])=O)[N+]([O-])=O,c1ccccc1,290.15,K,0.113387133
OC(=O)c1c(Br)cccc1Br,c1ccccc1,293.15,K,-0.779883089
[O-][N+](=O)c1ccc(NN=Cc2cccc(Br)c2)c(c1)[N+]([O-])=O,c1ccccc1,293.15,K,-3.030984062
O=[S](Cc1ccccc1)Cc2ccccc2,c1ccccc1,293.15,K,-0.863545786
CCCC(CCC)(c1ccccc1)C(=O)NO,c1ccccc1,299.15,K,-0.602048918
O=C1c2ccccc2c3cccc4cccc1c34,c1ccccc1,293.15,K,-1.213439666
Cl[S](=O)(=O)c1cc2c(cccc2[S](Cl)(=O)=O)c(c1)[S](Cl)(=O)=O,c1ccccc1,293.15,K,-0.519907217
Nc1c(cc(cc1[N+]([O-])=O)[N+]([O-])=O)[N+]([O-])=O,c1ccccc1,292.65,K,-1.458053873
OOC1(c2ccccc2)c3ccccc3C(OO)(c4ccccc4)c5ccccc15,c1ccccc1,290.15,K,-2.297149663
Cc1ccc(cc1)C(=O)N(O)c2ccc(Cl)cc2,c1ccccc1,293.15,K,-1.307227288
Oc1ccc(cc1)N=Nc2ccccc2[N+]([O-])=O,c1ccccc1,303.15,K,-0.587374305
Nc1ccccn1,c1ccccc1,298.15,K,0.307369906
COC(=O)c1ccc(cc1)C=NNc2ccc(cc2[N+]([O-])=O)[N+]([O-])=O,c1ccccc1,293.15,K,-3.390787543
c1ccc2cc3cc4ccccc4cc3cc2c1,c1ccccc1,293.15,K,-2.017735267
CC(C)(C)c1ccc(O)c(c1)N=Nc2ccccc2,c1ccccc1,303.15,K,0.646344068
OC(=O)c1cccc(O)c1,c1ccccc1,298.15,K,-3.193440523
N[C@@H](CO)c1ccccc1,c1ccccc1,293.15,K,-1.023350612
Cc1ccc(O)c(c1)C(C)(C)C,c1ccccc1,295.15,K,0.772431391
Cl[S](=O)(=O)c1ccc2cc(cc(c2c1)[S](Cl)(=O)=O)[S](Cl)(=O)=O,c1ccccc1,293.15,K,-1.755138507
CCOCN1C(=O)c2ccccc2C1=O,c1ccccc1,298.15,K,-2.914264861
C[C@H](O)[C@H](NC(=O)c1ccccc1)C(O)=O,c1ccccc1,298.15,K,-0.649780609
CCCCCCCCCCCCCCCC(O)=O,c1ccccc1,293.15,K,-0.603140172
CCCCC(N)=O,c1ccccc1,293.15,K,-1.354883018
OC(=O)CC1OC(OC1=O)C(Cl)(Cl)Cl,c1ccccc1,293.15,K,-0.94359673
OC(C(O)=O)c1ccccc1,c1ccccc1,292.15,K,-2.309533129
O=C1CCCCCN1,c1ccccc1,295.15,K,0.56215473
CCc1c(Cl)c(Cl)c(Cl)c(Cl)c1Cl,c1ccccc1,295.25,K,0.720043321
Oc1c(cccc1[N+]([O-])=O)[N+]([O-])=O,c1ccccc1,287.15,K,0.205061347
Cc1ccc(Nc2[nH]c3ccc(C)cc3n2)cc1,c1ccccc1,288.15,K,-2.432800953
OC(=O)CCCC(O)=O,c1ccccc1,298.15,K,-2.966263706
c1ccc(cc1)\C=C\C=C\c2ccccc2,c1ccccc1,292.15,K,-0.493942012
c1ccc(cc1)C(c2ccccc2)=C(c3ccccc3)c4ccccc4,c1ccccc1,293.15,K,-0.840478568
O=N(=O)/C(N(=O)=O)=S/1CCCC1,c1ccccc1,293.15,K,-3.39725362
Cc1c2ccccc2c(C)c3ccccc13,c1ccccc1,293.15,K,-0.852073862
c1ccc2C3C4c5ccccc5C(C(c2c1)c6ccccc36)c7ccccc47,c1ccccc1,298.15,K,-2.552019331
COc1cc2OC[C@H]3Oc4c5C[C@@H](Oc5ccc4C(=O)[C@H]3c2cc1OC)C(C)=C,c1ccccc1,293.15,K,-0.666544407
CCCC(=CC(O)=O)c1ccccc1,c1ccccc1,295.15,K,0.426625697
CCc1cc(O)ccc1N=Nc2ccc(cc2)C(C)=O,c1ccccc1,303.15,K,-0.647291755
C[C@]12CCC(=O)C=C1CC[C@H]3[C@@H]4CC[C@](O)(C(=O)CO)[C@@]4(C)C[C@H](O)[C@H]23,c1ccccc1,298.15,K,-3.445323923
CCc1ccc(cc1)C(=O)c2ccccc2C(O)=O,c1ccccc1,302.77,K,-0.912776034
COc1ccc2[C@H](OC(=O)c2c1OC)[C@@H]3N(C)CCc4cc5OCOc5cc34,c1ccccc1,288.15,K,-0.892961108
CCOC(=O)C(=NNc1ccccc1OC)C#N,c1ccccc1,291.15,K,-0.94009421
C\C=C(\C)C(N)=O,c1ccccc1,293.15,K,-1.522233474
C\C=C(/C)C(N)=O,c1ccccc1,293.15,K,-0.907584355
[O-][N+](=O)c1ccc(CCl)cc1,c1ccccc1,303.15,K,-0.421566245
O[C@@H]([C@@H]1C[C@@H]2CCN1C[C@@H]2C=C)c3ccnc4ccccc34,c1ccccc1,298.15,K,-2.423217846
[O-][N+](=O)c1ccccc1C(=O)N=[N+]=[N-],c1ccccc1,293.15,K,-0.261918872
C=CC(=O)Nc1cc(F)c(Br)c(F)c1,c1ccccc1,296.34,K,-2.105104492
[O-][N+](=O)c1ccccc1\C=C\C(=O)c2ccccc2,c1ccccc1,293.15,K,-0.835359734
CN(C)C(=S)SSC(=S)N(C)C,c1ccccc1,303.15,K,-0.701577016
Cc1ccc(cc1)N(c2ccc(C)cc2)c3cccc(C)c3,c1ccccc1,289.15,K,-0.232009418
N#CSCCSC#N,c1ccccc1,290.15,K,-0.840965168
CCCC(CCC)(C(=O)NO)C1CCCCC1,c1ccccc1,299.15,K,-0.638280143
COc1ccc2nccc([C@H](O)[C@H]3C[C@@H]4CCN3C[C@@H]4C=C)c2c1,c1ccccc1,298.15,K,-1.435382236
CC(=O)OC[C@H]1O[C@@H](OC(C)=O)[C@H](OC(C)=O)[C@@H](OC(C)=O)[C@@H]1OC(C)=O,c1ccccc1,298.15,K,-0.497994303
Cc1cccc(c1)N=Nc2ccc(O)cc2,c1ccccc1,303.15,K,-0.892983945
CCCCCCCC(N)=O,c1ccccc1,293.15,K,-1.523330774
Cc1cccc(n1)C(O)=O,c1ccccc1,293.15,K,-1.095765126
OC(=O)c1cccc(Cl)c1,c1ccccc1,288.15,K,-1.375161842
Oc1ccc(Cc2ccccc2O)cc1,c1ccccc1,298.15,K,-1.404797714
OC(=O)CCCC(=O)NNC(=O)c1ccccc1,c1ccccc1,298.15,K,-1.522914612
CCOC(=O)c1ccc(C)cc1NC(C)=O,c1ccccc1,293.15,K,0.313612393
CCCCC(C(O)=O)C(O)=O,c1ccccc1,298.15,K,-2.618624393
N#CC(=NNc1ccccc1)C#N,c1ccccc1,298.15,K,-0.310699476
Clc1nc(Cl)nc(Cl)n1,c1ccccc1,298.15,K,-0.044531471
Oc1ccc(cc1)C=C2CCCC(=Cc3ccc(O)cc3)C2=O,c1ccccc1,292.15,K,-3.486233478
COc1cc2OC[C@H]3Oc4c(CCC(C)C)c(O)ccc4C(=O)[C@H]3c2cc1OC,c1ccccc1,298.15,K,-1.99832038
N#CSC=CSC#N,c1ccccc1,290.15,K,-0.698070007
Oc1ccc(cc1)N=Nc2ccc(Cl)cc2,c1ccccc1,303.15,K,-0.876459712
Oc1ccccc1Cc2ccccc2O,c1ccccc1,298.15,K,-0.840526284
O=C\1C=Cc2ccccc2C1=N/Nc3ccccc3,c1ccccc1,298.0,K,-0.781209421
OC(=O)c1ccc(Cl)cc1Nc2ccccc2,c1ccccc1,289.15,K,-1.615741442
CCCC/C=C/C(N)=O,c1ccccc1,293.15,K,-1.656785224
CCCC\C=C/C(N)=O,c1ccccc1,293.15,K,-0.066068749
Clc1ccc(cc1)C(=O)OC(=O)c2ccc(Cl)cc2,c1ccccc1,303.15,K,-1.589187993
CC\C=C/C(N)=O,c1ccccc1,293.15,K,-0.484338481
CC\C=C\C(N)=O,c1ccccc1,293.15,K,-1.907584355
O=C(C=[P](c1ccccc1)(c2ccccc2)c3ccccc3)c4ccccc4,c1ccccc1,299.15,K,-0.718962843
Cc1cc(C)c(O)c(c1)N=Nc2ccc(cc2)C(C)=O,c1ccccc1,303.15,K,-0.41352337
COc1c(c(cc(c1[N+]([O-])=O)[N+]([O-])=O)[N+]([O-])=O)[N+]([O-])=O,c1ccccc1,302.15,K,-1.326752675
C1c2ccccc2c3ccccc13,c1ccccc1,297.98999999999995,K,0.149132746
O=C1CCCCCCCCCCCCCCN1,c1ccccc1,295.15,K,0.143056052
Cc1ccc(O)c(c1)N=Nc2ccccc2,c1ccccc1,303.15,K,-0.076849601
COCN1C(=O)c2ccccc2C1=O,c1ccccc1,298.15,K,-0.36063907
CCC[C@H]1CC2=C(C[C@@H](CC)CC3=C1C(=O)OC3=O)C(=O)OC2=O,c1ccccc1,293.15,K,-0.64653834
CC(=O)c1cccc(c1)N=Nc2cc(ccc2O)c3ccccc3,c1ccccc1,303.15,K,-0.771634878
BrC(c1ccccc1)(c2ccccc2)c3ccccc3,c1ccccc1,298.15,K,0.029586852
COc1cc(c(c(c1OC)[N+]([O-])=O)[N+]([O-])=O)[N+]([O-])=O,c1ccccc1,291.15,K,-0.917901574
NC(=O)C(O)c1cccc(Cl)c1,c1ccccc1,295.15,K,-2.946382076
O=C1CCCCCCCCCCCCN1,c1ccccc1,295.15,K,-1.329362948
OC(=O)CC(O)=O,c1ccccc1,298.15,K,-3.928660027
CC2(C)COP(=O)(NCCNP1(=O)OCC(C)(C)CO1)OC2,c1ccccc1,298.14,K,-3.150861982
O/N=C(/c1ccccc1)C(=O)c2ccccc2,c1ccccc1,306.65,K,-0.194327676
CCCCCCCCCCC(C)(C)C(=O)NO,c1ccccc1,299.15,K,-1.999982157
c1ccc2C#CC#Cc3ccccc3C#CC#Cc2c1,c1ccccc1,293.15,K,-1.616797483
O=C(OCC(C)C)[C@@H](O)[C@H](O)C(=O)OCC(C)C,c1ccccc1,293.15,K,-0.24585023
O=C(c1ccccc1)c2cccc3c(cccc23)C(=O)c4ccccc4,c1ccccc1,298.15,K,-1.429002933
CCOC(=O)C(=NNc1cccc(Br)c1)C#N,c1ccccc1,288.15,K,-1.607385594
C1C2CC3CC1CC(C2)C3,c1ccccc1,293.15,K,-0.83006313
COc1ccc2C[C@@H]3[C@@H]4C=C[C@H](O)[C@@H]5Oc1c2[C@]45CCN3C,c1ccccc1,298.15,K,-0.476208277
CCCCCC(CC)=NNC(N)=O,c1ccccc1,293.15,K,-0.469843114
Oc1c(cc(cc1[N+]([O-])=O)[N+]([O-])=O)[N+]([O-])=O,c1ccccc1,295.54999999999995,K,-0.482089511
Cl[P](Cl)(Cl)=N[S](=O)(=O)c1ccc2ccccc2c1,c1ccccc1,292.15,K,-0.778874472
C[P](=O)(c1ccccc1)c2ccccc2,c1ccccc1,298.12,K,-0.17839989
Cl[P]1(=N[P](=N[P](=N[P](=N1)(Cl)Cl)(Cl)Cl)(Cl)Cl)Cl,c1ccccc1,293.15,K,-0.392769265
C\C(=C/C(O)=O)c1ccccc1,c1ccccc1,294.15,K,0.015786616
C\C(=C\C(O)=O)c1ccccc1,c1ccccc1,294.15,K,-0.372644955
CC1(C)C2CC[C@@]1(C)C(=O)\C2=C(/O)c3ccccc3,c1ccccc1,290.15,K,0.105388087
c1ccc(cc1)\C=C\c2ccccc2,c1ccccc1,292.15,K,-0.246766311
[N-]=[N+]=NC(=O)c1ccccc1,c1ccccc1,293.15,K,0.774785161
CCCC(=O)NNC(=O)CCCC(=O)O,c1ccccc1,298.15,K,-2.30102397
Cc1ccc(cc1)N=Nc2ccc(O)cc2,c1ccccc1,303.15,K,-0.907224384
CCCCCCCCCCCC(O)=O,c1ccccc1,298.15,K,0.910290571
Cc1cccc(C=NNc2ccc(cc2[N+]([O-])=O)[N+]([O-])=O)c1,c1ccccc1,293.15,K,-2.295674141
CCCCCCC=CC(N)=O,c1ccccc1,293.15,K,0.512299784
Oc1ccc(cc1)C(O)(c2ccccc2)c3ccccc3,c1ccccc1,293.15,K,-1.61750544
CCCCCCCCCCCCCCCCCC(O)=O,c1ccccc1,293.15,K,-1.131340971
CCCCCCCCC(C(O)=O)C(O)=O,c1ccccc1,298.15,K,-3.271932299
Clc1ccc2c3ccccc3C(=O)c4cccc1c24,c1ccccc1,293.15,K,-1.360352472
O=C1C[C@@H]2OCC=C3CN4CC[C@@]56[C@@H]4C[C@@H]3[C@@H]2[C@@H]5N1c7ccccc67,c1ccccc1,298.15,K,-1.700971947
O=C(c1ccccc1)c2cccc3cccc(C(=O)c4ccccc4)c23,c1ccccc1,298.15,K,-1.057741262
[O-][N+](=O)c1ccc2c(Cc3cc(Br)ccc23)c1,c1ccccc1,291.15,K,-2.025217553
CC1(C)Oc2ccc3C=CC(=O)Oc3c2C=C1,c1ccccc1,291.15,K,-0.009360791
CCCCCCCCCCCCC(=O)CCCCC(O)=O,c1ccccc1,298.15,K,-1.599833602
COc1ccc2C[C@@H]3[C@@H]4CC[C@H](O)[C@@H]5Oc1c2[C@]45CCN3C,c1ccccc1,293.15,K,-0.349532325
Cc1cc(O)cc(O)c1C,c1ccccc1,298.04999999999995,K,-1.622435042
Nc1ccc2c(Cc3cc(Br)ccc23)c1,c1ccccc1,291.15,K,-1.016759388
CN1[C@@H]2CC[C@H]1CC(C2)OC(=O)C(CO)c3ccccc3,c1ccccc1,288.15,K,-0.554508694
CC(=O)Oc1ccc(OC(C)=O)c2C(=O)c3ccccc3C(=O)c12,c1ccccc1,298.15,K,-1.723331411
Cc1ccc(cc1[N+]([O-])=O)[N+]([O-])=O,c1ccccc1,288.15,K,0.464896151
CCOC(=O)\C=C(/C)NC(C)=O,c1ccccc1,291.15,K,-0.035717002
CCOC(=O)/C=C(/C)NC(C)=O,c1ccccc1,293.15,K,0.371768325
CCOC(=O)C(=NNc1ccc2ccccc2c1)C#N,c1ccccc1,290.15,K,-0.773764165
O=C1CCc2cc(OCCCCc3nnnn3C4CCCCC4)ccc2N1,c1ccccc1,298.15,K,-2.961194289
CCOC(=O)C(=NNc1ccc(cc1)[N+]([O-])=O)C#N,c1ccccc1,291.15,K,-1.768599812
Oc1cccc(c1)[N+]([O-])=O,c1ccccc1,298.15,K,-0.748909792
c1ccc(cc1)[C@]2(c3c(cccc3)[C@](c4c2cccc4)(O)c5ccccc5)O,c1ccccc1,290.15,K,-2.08450955
Cn1cnc2N(C)C(=O)N(C)C(=O)c12,c1ccccc1,298.15,K,-1.279463121
CC(=O)Nc1ccc(O)cc1,c1ccccc1,298.15,K,-1.908809846
Cc5ccc(N(/C(=N/c1ccccc1)Nc2ccccc2)c4nc3cc(C)ccc3[nH]4)cc5,c1ccccc1,288.15,K,-1.789426964
OC(C(O)=O)c1cccc(Cl)c1,c1ccccc1,295.15,K,-1.837930711
C\C(=N/Oc1c(cc(cc1[N+]([O-])=O)[N+]([O-])=O)[N+]([O-])=O)c2ccccc2,c1ccccc1,298.15,K,-0.211017704
[O-][N+](=O)c1ccc(NN=Cc2ccc(Br)cc2)c(c1)[N+]([O-])=O,c1ccccc1,293.15,K,-3.164522971
OC(=O)c1ccccn1,c1ccccc1,303.15,K,-1.488236868
CC(=O)[C@H]1C[C@@H](CC(O)=O)C1(C)C,c1ccccc1,293.15,K,0.685732139
OC(=O)c1ccccc1[N+]([O-])=O,c1ccccc1,298.15,K,-1.78259426
CC(C)(CO)CO,c1ccccc1,306.65,K,-0.568645966
CSCC12CSCC(C1)C(=CC2=O)C,c1ccccc1,293.15,K,0.233182798
COc1ccc(c(O)c1)C(=O)c2ccc(OC)cc2O,c1ccccc1,298.15,K,-0.779675607
Cc1ccc(cc1)C(=O)C=Cc2ccccc2,c1ccccc1,294.15,K,0.34222424
OOC(=O)c1ccc(Cl)cc1,c1ccccc1,293.15,K,-0.908580662
CC\C(=C/C(O)=O)c1ccccc1,c1ccccc1,293.15,K,0.344821243
CC\C(=C\C(O)=O)c1ccccc1,c1ccccc1,293.15,K,0.028899692
c1ccc(cc1)c2cc(cc(c2)c3ccccc3)c4ccccc4,c1ccccc1,293.15,K,-0.286505123
CCCCC(CCCC)(CCCC)C(=O)NO,c1ccccc1,299.15,K,-1.119177956
c1ccc2c(c1)c3c4cccc5cccc(c45)c6c7ccccc7c8c9cccc%10cccc(c9%10)c2c8c36,c1ccccc1,293.15,K,-1.408933126
N#C/C(c1ccccc1)=N(=O)/c2cccc(Cl)c2,c1ccccc1,292.15,K,-0.774933372
CCCCCCCCCCCCCC(O)=O,c1ccccc1,293.15,K,0.049238397
OC(=O)c1ccc(Br)cc1,c1ccccc1,293.15,K,-2.769211002
[O-][N+](=O)c1ccc(N/N=C/c2ccc(I)cc2)c(c1)[N+]([O-])=O,c1ccccc1,293.15,K,-3.035264331
[O-][N+](=O)c1cc(cc(c1)[N+]([O-])=O)[N+]([O-])=O,c1ccccc1,290.15,K,-0.595103096
Cl[P]1(=N[P](=N[P](=N1)(Cl)Cl)(Cl)Cl)Cl,c1ccccc1,293.15,K,-0.108690891
CCCCCCCC\C=C/C(N)=O,c1ccccc1,293.15,K,-0.175447737
CCCCCCCC/C=C/C(N)=O,c1ccccc1,293.15,K,-1.843522888
[O-][N+](=O)c1ccc(Oc2c(cc(cc2[N+]([O-])=O)[N+]([O-])=O)[N+]([O-])=O)c(c1)[N+]([O-])=O,c1ccccc1,296.15,K,-1.930035861
COC1=C(C)C(=O)C=C2OC(=CC=C12)c3ccccc3,c1ccccc1,291.15,K,-1.881296599
OC(=O)C(O)(CCl)c1ccccc1,c1ccccc1,291.15,K,-1.770899639
OC(=O)[C@@H]1c2ccccc2[C@@H](C(=O)c3ccccc3)c4ccccc14,c1ccccc1,293.15,K,-1.641298242
[O-][N+](=O)c1ccc(Nc2ccc(cc2[N+]([O-])=O)[N+]([O-])=O)c(c1)[N+]([O-])=O,c1ccccc1,288.15,K,-2.095440049
CCOC(=O)c1ccc(NC(C)=O)cc1C,c1ccccc1,293.15,K,-0.703420946
[nH]1c2ccccc2c3ccccc13,c1ccccc1,288.65,K,-1.435660101
Cc1cc(C)cc(c1)C(O)=O,c1ccccc1,293.15,K,-0.862736204
[O-][N+](=O)OCCN(c1c(cc(cc1[N+]([O-])=O)[N+]([O-])=O)[N+]([O-])=O)[N+]([O-])=O,c1ccccc1,298.15,K,-1.771309128
CN(C)c1ccc(cc1)C(=Nc2ccc(N)cc2)c3ccc(cc3)N(C)C,c1ccccc1,293.15,K,-1.364140502
Oc1ccc(cc1Cl)N=Nc2ccccc2,c1ccccc1,303.15,K,-0.063451727
C(C=CC=CC=Cc1ccccc1)=CC=CC=Cc2ccccc2,c1ccccc1,292.15,K,-3.713825025
C[C@]12CC[C@H]3[C@@H](CCc4cc(OC(=O)c5ccccc5)ccc34)[C@@H]1CC[C@@H]2O,c1ccccc1,293.15,K,-1.098639112
Cc1ncc(n1CCO)[N+]([O-])=O,c1ccccc1,298.15,K,-0.187076494
Cc1cc2C(=O)c3ccccc3c4c2c(c1)c5cc(C)cc6C(=O)c7ccccc7c4c56,c1ccccc1,296.15,K,-3.334529936
CC1(C)[C@H]2CC[C@]1(C)C(=O)OC2=O,c1ccccc1,293.15,K,-0.52151522
CCc1ccc(O)cc1O,c1ccccc1,298.04999999999995,K,-1.138024757
C1N2CN3CN1CN(C2)C3,c1ccccc1,293.15,K,-1.842478898
N#C/C(c1ccccc1)=N(=O)/c2ccccc2Cl,c1ccccc1,292.15,K,-0.537254369
OC(=O)c1cccc(Br)c1,c1ccccc1,293.15,K,-1.129002803
COc1ccccc1N=Nc2ccc(O)cc2,c1ccccc1,303.15,K,-1.374513995
CC(=O)c1ccc(cc1)N=Nc2cc(Cl)ccc2O,c1ccccc1,303.15,K,-1.088125655
OC(=O)c1cc(cc(c1)[N+]([O-])=O)[N+]([O-])=O,c1ccccc1,298.15,K,-2.369076072
OC(=O)\C=C/C(O)=O,c1ccccc1,298.15,K,-2.742015861
c1ccc2c(c1)ccc3c4ccccc4ccc23,c1ccccc1,293.15,K,-1.769556786
[O-][N+](=O)c1ccc(/C=C/C(=O)c2ccccc2)cc1,c1ccccc1,299.15,K,-1.251793355
COc1ccc(cc1)N=Nc2ccc(O)cc2,c1ccccc1,303.15,K,-1.095760394
CCCCc1ccc(cc1)\C(=N\Nc2ccc(C)cc2)C(O)=O,c1ccccc1,293.15,K,-0.508019325
N1c2ccccc2Sc3ccccc13,c1ccccc1,293.15,K,-0.812316622
OC(=O)CCCCCC(O)=O,c1ccccc1,298.15,K,-2.963223993
CN1C(=O)CC(C1=O)c2ccccc2,c1ccccc1,298.15,K,0.665550839
C=CCC1(C(=O)NC(=O)NC1=O)c2ccccc2,c1ccccc1,293.15,K,-2.126571704
OC(=O)c1ccccc1,c1ccccc1,298.15,K,-0.12610793
Oc1cccc(O)c1O,c1ccccc1,298.15,K,-2.237086256
Cc1cc(C)c(CC(C)(C)C(=O)NO)c(C)c1,c1ccccc1,299.15,K,-1.657591748
O=C1CCCCCCCCCN1,c1ccccc1,295.15,K,-1.076283953
O=C(c1ccccc1)C(=O)c2ccccc2,c1ccccc1,298.15,K,0.390657296
[O-][N+](c1ccccc1)=C(C#N)c2ccccc2,c1ccccc1,294.15,K,-0.498644836
CN(C)c1ccc(cc1)C(=NC(=O)c2ccccc2)c3ccc(cc3)N(C)C,c1ccccc1,289.15,K,-1.603796042
OC(C=CC(O)(c1ccccc1)c2ccccc2)(c3ccccc3)c4ccccc4,c1ccccc1,297.15,K,-3.398479204
CCCCCCCCCCCCCC(=O)NO,c1ccccc1,299.15,K,-1.15490196
Nc1cccc(c1)[N+]([O-])=O,c1ccccc1,298.15,K,-0.807836975
C[C@H]1[C@@H]2CC[C@@]3(C)C=CC(=O)C(=C3[C@H]2OC1=O)C,c1ccccc1,293.15,K,-0.730469196
c1ccc(cc1)c2ccc(cc2)c3ccccc3,c1ccccc1,293.15,K,-1.244122266
[O-][N+](=O)c1cc(c(c(c1)[N+]([O-])=O)[N+]([O-])=O)[N+]([O-])=O,c1ccccc1,296.15,K,-1.109455147
CN(C)C(=O)Nc1ccc(Cl)c(Cl)c1,c1ccccc1,298.15,K,-2.499875251
CCc1c(N=Nc2ccccc2O)c(O)cc(C)c1c3ccccc3,c1ccccc1,303.15,K,0.477141134
OC(=O)c1ccc(Cl)cc1,c1ccccc1,293.15,K,-2.470429908
OC(=O)c1ccccc1Br,c1ccccc1,293.15,K,-1.265213368
O=C1CCCCN1,c1ccccc1,295.15,K,0.90774067
CCOC(=O)C(=NNc1ccccc1[N+]([O-])=O)C#N,c1ccccc1,291.15,K,-0.498903775
c1(ccc(cc1)/C(=C\C(=O)O)/C)C,c1ccccc1,293.15,K,-0.231656761
O=C1CCCCCCCN1,c1ccccc1,295.15,K,0.365336625
C1c2ccccc2c3c1c4c(Cc5ccccc45)c6c3Cc7ccccc67,c1ccccc1,293.15,K,-2.978281988
OC(=O)c1ccccc1O,c1ccccc1,298.15,K,-1.307759578
OC(=O)c1ccccc1C(=O)c2ccc(O)cc2,c1ccccc1,294.15,K,-3.301444352
O=C1c2ccccc2c3ccccc13,c1ccccc1,296.15,K,0.519243772
CCOc1ccc2nc3cc(ccc3c(Cl)c2c1)[N+]([O-])=O,c1ccccc1,293.15,K,-1.70288556
OCCSCCO,c1ccccc1,298.15,K,-1.115140672
CN(C)c1ccc(cc1)c2ccc(cc2)N(C)C,c1ccccc1,291.15,K,-1.079810517
Oc1ccc(cc1)C=C2CCC(=Cc3ccc(O)cc3)C2=O,c1ccccc1,293.15,K,-3.465879329
CCCCCCCC(C(O)=O)C(O)=O,c1ccccc1,298.15,K,-2.401017236
OC(=O)c1cc(nc2ccccc12)c3ccccc3,c1ccccc1,294.15,K,-3.030918291
Clc1ccc(cc1)C(c2ccc(Cl)cc2)C(Cl)(Cl)Cl,c1ccccc1,303.15,K,0.322319043
Fc1ccc(cc1)C(CCCN2CCC(CC2)N3C(=O)Nc4ccccc34)c5ccc(F)cc5,c1ccccc1,298.15,K,-2.141130509
Cc1c(cc(c(O)c1[N+]([O-])=O)[N+]([O-])=O)[N+]([O-])=O,c1ccccc1,290.15,K,-0.313006034
OC(=O)c1c2ccccc2c(c3ccccc3)c4c(c5ccccc5)c6ccccc6c(c7ccccc7)c14,c1ccccc1,293.15,K,-3.523396116
Cl[S](=O)(=O)c1ccc2c(c1)cc(cc2[S](Cl)(=O)=O)[S](Cl)(=O)=O,c1ccccc1,293.15,K,-0.654767962
Cc1ccc(C)c(c1[N+]([O-])=O)[N+]([O-])=O,c1ccccc1,288.15,K,-0.116525836
OC(=O)C=Cc1occc1,c1ccccc1,297.98999999999995,K,-1.005719859
c1ccc2c(c1)cccc2c3cccc4ccccc34,c1ccccc1,293.15,K,-0.568637943
C(C=CC=Cc1ccccc1)=CC=Cc2ccccc2,c1ccccc1,292.15,K,-2.333049073
CC(C(O)=O)C(O)=O,c1ccccc1,298.15,K,-3.652584084
Cc1cc(c(C)c(c1[N+]([O-])=O)[N+]([O-])=O)[N+]([O-])=O,c1ccccc1,288.15,K,-0.984365267
C1=C(C(=CC2=C1OCCC2(C(=O)C3=CC=C4C(=C3O[H])C[C@@H](O4)C(C)C)[H])OC)OC,c1ccccc1,298.15,K,-0.407255773
Cc1ccc(cc1)[N+]([O-])=O,c1ccccc1,288.15,K,0.91133309
CCCCc1c(O)cc(C)cc1O,c1ccccc1,298.04999999999995,K,-1.026130102
Oc1ccccc1C(=O)Oc2ccccc2,c1ccccc1,303.15,K,0.558928709
CCC(C)C1(CC)C(=O)NC(=O)NC1=O,c1ccccc1,293.15,K,-2.162492797
COC(C)C(NC(=O)c1ccccc1)C(O)=O,c1ccccc1,298.15,K,-0.445796448
Cc1c(O)cccc1O,c1ccccc1,298.04999999999995,K,-1.144457574
c1ccc(cc1)c2ccccc2,c1ccccc1,298.15,K,0.732112358
[O-][N+](=O)c1cccc2c1cccc2[N+]([O-])=O,c1ccccc1,289.15,K,-1.815363959
OC[P]1(=O)Oc2ccccc2c3ccccc13,c1ccccc1,300.67999999999995,K,-2.164161321
COc1ccc(cc1OC)C(=O)N2CCN(CC2)c3ccc4NC(=O)CCc4c3,c1ccccc1,298.15,K,-3.789551538
Cc1ccc2[nH]c(Nc3ccccc3)nc2c1,c1ccccc1,288.15,K,-2.327158636
Cc1ccccc1C(O)=O,c1ccccc1,294.25,K,-0.138627526
Cc1cc(cc(c1O)[N+]([O-])=O)[N+]([O-])=O,c1ccccc1,288.15,K,0.215501725
CN(C)c1ccc(cc1)C(=Nc2ccccc2N)c3ccc(cc3)N(C)C,c1ccccc1,290.15,K,-1.139498852
c1ccc2c(c1)c1CCN3C[C@@H]4CC[C@@H]([C@@H]([C@H]4C[C@H]3c1[nH]2)C(=O)O)O,CCO,289.65,K,-2.122892155
CN(C)c1ccc(cc1)N=C=Nc1ccc(cc1)N(C)C,CCO,294.15,K,-1.772342835
C(c1c(c(cc(c1O)Cl)Cl)Cl)c1c(c(cc(c1O)Cl)Cl)Cl,CCO,293.15,K,0.089474843
c1ccc(cc1)C(c1ccccc1)(c1ccccc1)SCCC(=O)O,CCO,293.15,K,-2.110796646
c1cc2C(c3cc(cc(c3C(=O)c2c(c1)O)O)CO)C1[C@@H]([C@H]([C@@H]([C@@H](CO)O1)O)O)O,CCO,291.15,K,-1.445595972
CN(c1c(cc(cc1[N+](=O)[O-])[N+](=O)[O-])[N+](=O)[O-])[N+](=O)[O-],CCO,291.15,K,-1.83088487
C[n+]1ccc2cc(c(cc2c1Cc1ccc(c(c1)OC)OC)OC)[O-],CCO,293.15,K,-1.416756969
CCCC(=O)NCCNC(=O)CCC,CCO,298.15,K,-0.164919184
C=C(C)C1CC(=O)C(C)C(=O)C1,CCO,291.15,K,-0.277683685
COc1ccc(c(c1)OC)N=Cc1ccc(cc1)c1ccccc1,CCO,295.15,K,-2.06048026
CCOc1c(cc(cc1[N+](=O)[O-])[N+](=O)[O-])[N+](=O)[O-],CCO,288.15,K,-1.290243154
CC12SC3(C)SC(C)(S1)SC(C)(S2)S3,CCO,293.15,K,-0.711484813
Cc1cc(C)nc(n1)NS(=O)(=O)c1ccc(cc1)N,CCO,298.14,K,-3.681525248
c1c(cc(c(c1Cl)OP(=O)(O)Oc1c(cc(cc1Cl)Cl)Cl)Cl)Cl,CCO,298.15,K,-0.634478221
C[C@H]([C@@H](C(=O)O)N)O,CCO,298.15,K,-2.230886645
C1=CC(=O)C=CC1=O,CCO,291.15,K,-0.528663663
C([C@@H]1[C@H]([C@@H]([C@@](CCl)(O1)O[C@@H]1[C@@H]([C@H]([C@H]([C@@H](CO)O1)Cl)O)O)O)O)Cl,CCO,298.14,K,-0.610212632
CCCCCCCCCCCCCCCC(=O)OC(CO)CO,CCO,298.15,K,-3.855481051
c1ccc(c(c1)/C=C/C(=O)O)[N+](=O)[O-],CCO,298.15,K,-1.969944603
C[C@H]1CC[C@@H](CC1)n1c2cnccc2c2cnc(Nc3ccc4CN(CCc4n3)C(=O)CO)nc12,CCO,293.15,K,-2.673538801
C(CCCC(=O)O)CCCC(=O)O,CCO,296.25,K,-0.032780167
COc1ccc(cc1)C(c1ccccc1)(C(c1ccccc1)(c1ccc(cc1)OC)O)O,CCO,298.15,K,-2.851780004
c1cc2cc(cc(c2c(c1)[N+](=O)[O-])[N+](=O)[O-])[N+](=O)[O-],CCO,296.15,K,-2.757471948
c1ccc(cc1)P(=O)(c1ccccc1)O,CCO,298.06,K,-0.817557062
CCC(C)(CC)OC(=O)NC(=O)N,CCO,291.15,K,-1.325291914
CCC(=O)N(c1ccc(cc1)N(C)C)C(=O)Nc1ccc(cc1)N(C)C,CCO,293.15,K,-3.14716535
Cc1cc(C)c(c(C)c1)C(=O)C(C(c1ccccc1)c1ccccc1)Br,CCO,298.15,K,-2.279553947
C(C(=O)NCC(=O)O)NC(=O)N,CCO,298.15,K,-2.940199207
CO[C@@H]1[C@@H]([C@H]([C@H]([C@@H](C(=O)O)O1)O)O)O,CCO,293.15,K,-0.36417146
CC(=Cc1ccco1)C=NNC(=O)N,CCO,295.15,K,-2.071174513
c1ccc(cc1)OC(=O)NC(=O)N,CCO,293.15,K,-1.674740629
Cc1ccc(cc1)OP(=O)(Oc1ccc(C)cc1)Oc1ccc(C)cc1,CCO,298.15,K,-0.715024726
COc1ccc(cc1)c1cc(c2ccc(c(c2)OC)O)c(C#N)c(=O)[nH]1,CCO,298.14,K,-1.927672678
C(CCC(=O)O)CCNC(=O)N,CCO,298.15,K,-2.121462376
CC(C)COc1ccc(cc1C#N)c1nc(C)c(C(=O)O)s1,CCO,298.14,K,-1.519664904
c1cc(ccc1C=O)[N+](=O)[O-],CCO,299.15,K,-0.42481882
CC(=O)Nc1nnc(s1)S(=O)(=O)N,CCO,298.15,K,-1.752447265
CC(=O)O[C@H]1CC[C@@]2(C)C(=CC[C@H]3[C@@H]4CCC(=NNC(=O)N)[C@@]4(C)CC[C@H]23)C1,CCO,293.15,K,-2.287266367
c1ccc(cc1)C(=O)C(c1ccccc1)(c1ccccc1)c1ccccc1,CCO,292.15,K,-2.500740305
CCOC(=O)c1c(C)oc2cc3c(cc12)oc(C)c3C(=O)OCC,CCO,293.15,K,-3.823909179
COc1cc(ccc1O)c1cc(c2ccc(cc2)F)[nH]c(=O)c1C#N,CCO,298.14,K,-1.884503851
C([C@@H]([C@@H]1C(=C(C(=O)O1)O)O)O)O,CCO,298.14,K,-1.190535841
CCCCCCCC[C@H]([C@@H](CCCCCCCCCCCC(=O)O)[N+](=O)[O-])O,CCO,291.15,K,-0.338961823
CCCOC(=O)NC(=O)N,CCO,290.15,K,-1.28972567
CCCC(=O)O[C@H]1CC[C@@]2(C)C(=CC[C@H]3[C@@H]4CC[C@H]([C@H](C)CCCC(C)C)[C@@]4(C)CC[C@H]23)C1,CCO,293.15,K,-2.057621417
CCCCCCCCCCCCCCCC(=O)OCc1ccccc1,CCO,289.15,K,-1.124014873
C[C@@H](c1ccc2cc(ccc2c1)OC)C(=O)O,CCO,298.15,K,-0.270813985
CCCCS(=O)(=O)NNC(=O)C(c1ccccc1)(c1ccccc1)O,CCO,294.15,K,-0.298151846
c1ccc(cc1)CC(C(=O)O)N,CCO,298.15,K,-2.579499754
c1cc2c(cc1COC(=O)NC(=O)N)OCO2,CCO,289.65,K,-2.557397822
C(C1C(C2C(O1)OC(C(Cl)(Cl)Cl)O2)O)O,CCO,293.15,K,-0.456474038
Cc1c(c(C(=O)C)c2c(c1O)[C@@]1(C)C(=CC(=O)C(C(=O)C)C1=O)O2)O,CCO,298.14,K,-3.042182953
c1ccc2c(c1)C(=O)NS2(=O)=O,CCO,295.65,K,-1.064624923
C=C[C@@H]1[C@@H]2CCNC(=O)C2=CO[C@H]1O[C@H]1[C@@H]([C@H]([C@@H]([C@@H](CO)O1)O)O)O,CCO,293.15,K,-1.403012021
c1cc(ccc1Cl)[N+](=O)[O-],CCO,290.15,K,-0.360673591
c1cc2c(c3CN[C@H]4c5cc6c(cc5C[C@H]([C@H]4c13)O)OCO6)OCO2,CCO,294.65,K,-1.823075118
c1ccc2c(c1)cccc2OP(=O)(Oc1cccc2ccccc12)Oc1cccc2ccccc12,CCO,298.15,K,-2.678033738
CCCCCCCCCCCCCCCC,CCO,298.2,K,-0.123006146
C(=C\c1ccco1)/C=N/NC(=O)N,CCO,295.15,K,-1.483907359
CCC(=O)NNC(=O)CC,CCO,293.15,K,0.15053329
c1ccc(cc1)c1cccc(c1)N=Cc1ccc(cc1)[N+](=O)[O-],CCO,295.15,K,-1.917214297
c1cc(ccc1Cl)OP(=O)(Oc1ccc(cc1)Cl)Oc1ccc(cc1)Cl,CCO,298.15,K,-1.854937284
CN(C(=O)C(=O)N(C)[N+](=O)[O-])[N+](=O)[O-],CCO,293.15,K,-1.547635776
C=CC(C)(C)c1c(C[C@H]2C(=O)N[C@@H](C)C(=O)N2)c2cc(CC=C(C)C)cc(CC=C(C)C)c2[nH]1,CCO,296.15,K,-2.710068449
CCOC(=O)C(C)SC1=N/C(=C\c2ccccc2)/C(=O)N1c1ccccc1,CCO,293.15,K,-1.756386539
c1ccc(cc1)N(c1ccccc1)C(=O)N1CCCCC1,CCO,293.15,K,-0.814263086
CC(c1cccc(c1)C(=O)c1ccccc1)C(=O)O,CCO,298.15,K,0.557583436
c1(c(c(Cl)nc(c1Cl)Cl)Cl)Cl,CCO,297.15,K,-1.857437968
c1ccc(c(c1)N)[N+](=O)[O-],CCO,298.15,K,0.202103636
CC1CCC(CC1)C(C)(C)OC(=O)NC(=O)N,CCO,290.15,K,-2.129113171
C(#N)/C(=C(\C#N)/N)/N,CCO,298.15,K,-0.477535246
C(C1C(=O)NC(=O)N1)C(=O)O,CCO,298.15,K,-1.850860257
CCCCCCCCCCOC(=O)NC(=O)N,CCO,293.84999999999997,K,-2.542885865
c1ccc(cc1)c1cccc(c1[N+](=O)[O-])O,CCO,298.15,K,-0.156767152
CC1(C)[C@@H]2CC[C@@]1(C)C(=O)C2,CCO,298.15,K,0.972403313
CCN(CC)CCOC(=O)c1ccc(cc1)NC(=O)/C=C\C(=O)O,CCO,288.15,K,-3.31785744
C([C@H]([C@H]([C@@H]([C@H](CS)O)O)O)O)O,CCO,293.15,K,-1.066742368
CCCCCCCCCCP(=O)(O)O,CCO,293.15,K,-0.522888515
c1c(c(Cl)nc(c1Cl)Cl)Cl,CCO,297.95,K,-0.433878987
c1ccc(cc1)/N=N/c1ccc(cc1)Oc1nc(Cl)nc(Cl)n1,CCO,298.15,K,-2.31657923
C=C1CCC[C@]2(C)C[C@]3(C(=C(C)C(=O)O3)C[C@@H]12)O,CCO,298.19,K,-0.858778798
C([C@H]([C@H]([C@@H]([C@@H](CO)O)O)O)O)O,CCO,298.15,K,-2.886123037
c1ccc(cc1)COC(=O)NCCCCCC(=O)NCCCCCC(=O)NCCCCCC(=O)O,CCO,293.15,K,-1.753001822
Cc1cc(ccc1OCC(=O)Nc1ccccc1)Cl,CCO,298.15,K,-1.399099211
[C@@H]([C@H](C(=O)O)O)(C(=O)O)O,CCO,298.15,K,0.161805214
CN(C)CC(=O)O,CCO,298.15,K,0.090993157
c1ccc2c(c1)C=Cc1ccccc1N2C(=O)N,CCO,298.15,K,-1.101572489
C1=C(C(=O)C(=CC1=O)Br)Br,CCO,293.15,K,-1.248609112
c1ccc(cc1)c1c[nH]c(c2ccccc2)n1,CCO,298.15,K,-0.241601153
c1ccc(cc1)P(=O)(c1ccccc1)c1ccccc1,CCO,299.15,K,0.265996328
COc1c(cc(cc1[N+](=O)[O-])[N+](=O)[O-])[N+](=O)[O-],CCO,288.15,K,-1.11385346
CCCC(=O)O[C@@]1(CC[C@H]2[C@@H]3CCC4=CC(=O)CC[C@]4(C)[C@H]3[C@H](C[C@]12C)O)C(=O)COC(=O)CC,CCO,298.15,K,0.072203685
CCCCCC(=O)O[C@H]1CC[C@@]2(C)C(=CC[C@H]3[C@@H]4CC[C@H]([C@H](C)CCCC(C)C)[C@@]4(C)CC[C@H]23)C1,CCO,293.15,K,-2.208446731
c1ccc(cc1)c1ccc(cc1)Cl,CCO,298.15,K,-0.250254149
C=C(C)[C@@H]1CC[C@@]2(CC[C@]3(C)[C@H](CC[C@@H]4[C@@]5(C)CC[C@@H](C(C)(C)[C@@H]5CC[C@@]34C)O)[C@@H]12)CO,CCO,298.19,K,-2.813182486
CCCCC(=O)O[C@H]1CC[C@H]2[C@@H]3CCc4cc(ccc4[C@H]3CC[C@]12C)OC(=O)c1ccccc1,CCO,293.15,K,-1.663336191
c1cc(cc(c1)N=NC(=O)N)C(=O)N,CCO,288.15,K,-1.541361267
CC(=O)Nc1ccccc1,CCO,293.15,K,0.225767129
Cc1c(cc(c(C)c1[N+](=O)[O-])[N+](=O)[O-])[N+](=O)[O-],CCO,293.15,K,-2.791240668
CN1Cc2c(ccc3c2OCO3)[C@H]2[C@H](Cc3cc4c(cc3[C@@H]12)OCO4)O,CCO,296.15,K,-2.196053303
Cc1ccc2c(c1)nc(Nc1ccccc1)n2/C(=N\c1ccccc1)/Nc1ccccc1,CCO,288.15,K,-2.76918539
c1ccc(cc1)N(c1ccccc1)c1ccc(cc1)/N=N/c1nc2ccc(cc2s1)N(=O)=O,CCO,298.15,K,-3.698977699
c1ccc(cc1)CCCOC(=O)NC(=O)N,CCO,289.65,K,-2.150930393
COc1ccccc1OCC(COC(=O)N)O,CCO,298.14,K,-1.13076721
COc1cc(ccc1O)c1cc(c2ccc(cc2)O)[nH]c(=O)c1C#N,CCO,298.14,K,-1.894535791
C(CCCCCCC(=O)O)CCCCCC1CCCC1,CCO,293.15,K,-1.175426029
COc1ccccc1NC(C(Cl)(Cl)Cl)Nc1ccccc1OC,CCO,298.15,K,-1.176880379
c1ccc2c(c1)c1cccc3cccc2c13,CCO,298.15,K,-1.030859923
CCCCCCCCCCCCCCC1CCC(=O)O1,CCO,298.15,K,-1.500602863
c1ccc(cc1)P(=S)(NN)NN,CCO,298.15,K,-1.630430753
C([C@@H]([C@H]([C@@H](CO)O)O)O)O,CCO,298.27,K,-1.382822954
CC(C)Cc1ccc(cc1)C(C)C(=O)O,CCO,298.14,K,0.408240294
C=C(C)C1CCC(C)CC1OC(=O)NC(=O)N,CCO,290.15,K,-1.960801637
CCC(CC)(Cc1ccc(C)cc1)C(=O)NO,CCO,299.15,K,7.38e-06
c1ccc(cc1)C1SC(c2ccccc2)SC(c2ccccc2)S1,CCO,298.15,K,-3.064857195
COc1cc(C=CC(=O)CC(=O)C=Cc2ccc(cc2)O)ccc1O,CCO,293.15,K,-0.876166503
c1cc(ccc1c1coc2c(ccc(c2[C@H]2[C@@H]([C@H]([C@@H]([C@@H](CO)O2)O)O)O)O)c1=O)O,CCO,298.2,K,-0.637898744
c1ccc2c(c1)c(c1cc(ccc1n2)F)N,CCO,293.15,K,-0.782730544
CCC(C)(C)OC(=O)NC(=O)N,CCO,288.65,K,-1.189895628
CCN(CC)CCNC(=O)c1ccc(cc1)NC(=O)CCC(=O)O,CCO,288.15,K,-2.037161485
C=CCNC(=O)N(c1ccccc1)c1ccccc1,CCO,293.15,K,-0.030876929
CCCC(CCC)(c1ccccc1)C(=O)NO,CCO,299.15,K,7.38e-06
c1cc(cc(c1)S(=O)(=O)N)S(=O)(=O)N,CCO,298.15,K,-1.29423285
CC(C)CCCC(C)[C@H]1CC[C@H]2[C@@H]3CC=C4C[C@H](CC[C@]4(C)[C@H]3CC[C@]12C)O,CCO,291.15,K,-1.242931359
CC(C)CCC[C@@H](C)[C@H]1CC[C@H]2[C@@H]3CC=C4C[C@H](CC[C@]4(C)[C@H]3CC[C@]12C)OC(=O)CC(C)C,CCO,293.15,K,-2.070758013
CCCSc1ccc2c(c1)nc([nH]2)NC(=O)OC,CCO,298.15,K,-2.879728133
c1cc2c(ccc(c2nc1)C(=O)O)[N+](=O)[O-],CCO,298.15,K,-2.356521808
c1ccc(cc1)C(c1ccccc1)C(c1ccccc1)(c1ccccc1)O,CCO,292.15,K,-2.891425943
Cc1coc2c3ccc4c(CCCC4(C)C)c3C(=O)C(=O)c12,CCO,293.28999999999996,K,-2.530177734
CCCCCCCCC/C=C/C(=O)N(c1ccc(cc1)N(C)C)C(=O)Nc1ccc(cc1)N(C)C,CCO,293.15,K,-2.440378684
C(CCCCCNCCCCN)CCCCC(=O)O,CCO,293.15,K,-2.532166538
c1c(cc(c(c1[N+](=O)[O-])N)[N+](=O)[O-])[N+](=O)[O-],CCO,292.65,K,-2.357119443
COC(=O)NC(=O)N,CCO,290.15,K,-1.926092442
CCOc1ccc(c(c1)n1nc2ccccc2n1)NC(=O)C,CCO,298.15,K,-0.764203979
CCn1cc(c(=O)c2cc(c(nc12)N1CCNCC1)F)C(=O)O,CCO,298.15,K,-2.833490265
C(CCCCCNCCCCCCCCN)CCCCC(=O)O,CCO,293.15,K,-2.17416425
c1ccc(c(c1)C(=O)O)Cl,CCO,298.15,K,0.052120124
c1ccc(cc1)c1cc(=O)c2c(cc(c(c2O)O)O[C@H]2[C@@H]([C@H]([C@@H]([C@@H](C(=O)O)O2)O)O)O)o1,CCO,298.19,K,-2.484920005
C1CN2CCN1CC2,CCO,298.14,K,-0.798443109
CC(=NNc1ccc(cc1[N+](=O)[O-])[N+](=O)[O-])c1ccccc1,CCO,298.15,K,-3.692187894
c1ccc(cc1)/C=C(\c1ccccc1)/C(=O)c1ccccc1,CCO,293.15,K,-1.374682678
c1ccc(c(c1)Cl)OP(=O)(O)Oc1ccccc1Cl,CCO,298.15,K,0.357035676
c1cc(c(cc1c1coc2cc(cc(c2c1=O)O)O)O)O,CCO,291.15,K,-0.901912418
c1cc(ccc1Cl)N1CC(=NC1=O)N1CCOCC1,CCO,293.15,K,-2.512234384
c1cc(ccc1C(=O)OCC(CO)O)Br,CCO,299.15,K,-0.234013975
c1ccc(c(c1)[N+](=O)[O-])O,CCO,298.15,K,0.416638462
CCOc1c2c(c(c(c1OCC)OCC)N)C(=O)OC2C1c2c(CCN1C)cc1c(c2OC)OCO1,CCO,293.15,K,-2.301506589
C/C=C/C(=O)N(c1ccc(cc1)N(C)C)C(=O)Nc1ccc(cc1)N(C)C,CCO,293.15,K,-2.763698043
c1ccc(cc1)/N=N/c1ccc(c2ccccc12)N(c1ccccc1)c1ccccc1,CCO,298.15,K,-2.331620312
c1ccc2c(c1)C(=Nc1ccccc1[N+](=O)[O-])OC2=O,CCO,293.15,K,-1.249528783
c1ccc(cc1)N=Cc1ccc(cc1[N+](=O)[O-])[N+](=O)[O-],CCO,295.15,K,-1.954676329
CC(=O)CC(c1ccccc1)C(CC(=O)C)c1ccccc1,CCO,288.15,K,-2.070987471
CCCCCCCCCCCCCCCCCNC(=O)CCCCC(=O)O,CCO,290.15,K,-2.30514198
c1ccc(c(c1)[N+](=O)[O-])[N+](=O)[O-],CCO,298.15,K,-2.74846971
CCCCCCCC/C=C/C(=O)N(c1ccc(cc1)N(C)C)C(=O)Nc1ccc(cc1)N(C)C,CCO,293.15,K,-2.769884773
CCOC1(C(c2ccccc2)Br)C(=O)N(C)C(=O)N1,CCO,293.15,K,-1.708604119
C1CCC(CC1)C(=O)N(C1CCCCC1)O,CCO,298.15,K,-0.766267394
CC(C(=NNC(=O)N)C)c1ccccc1,CCO,293.15,K,-1.353697444
c1cc(c(c(c1)[N+](=O)[O-])O)[N+](=O)[O-],CCO,287.15,K,-0.627467868
Cc1ccc(cc1)Nc1[nH]c2ccc(C)cc2n1,CCO,288.15,K,-0.946584039
CC[C@H](C)[C@@H](C(=O)O)NC(=O)C,CCO,293.15,K,0.713730033
c1cc2c(Cc3cc(ccc23)N)cc1Cl,CCO,291.15,K,-1.21472305
Cc1c(C)noc1N(C(=O)C)S(=O)(=O)c1ccc(cc1)N,CCO,293.15,K,-1.734569649
c1ccc2c(c1)nc1cccc(c1n2)C(=O)O,CCO,298.19,K,-2.19382051
c1ccc(cc1)C=NNc1ccccc1,CCO,297.15,K,-1.139914495
c1cc(cc(c1)Cl)c1cc(c(C(=O)NCC(=O)O)nc1)O,CCO,295.15,K,-0.955241939
Cc1cccc2cc(C(=O)O)c(=O)oc12,CCO,287.15,K,-0.952082606
CCC(CC)OC(=O)NC(=O)N,CCO,291.15,K,-1.242788812
COc1ccc(c(c1)OC)/N=C/c1ccc(cc1N(=O)=O)N(=O)=O,CCO,295.15,K,-3.22184875
C(CCNC(=O)N)CC(=O)O,CCO,298.15,K,-2.118229479
CC(C(=O)O)NC(=O)Nc1cccc2ccccc12,CCO,298.15,K,-1.481419875
[C@@H]1([C@@H]([C@H]([C@H]([C@@H]([C@H]1Cl)Cl)Cl)Cl)Cl)Cl,CCO,293.15,K,-0.760220113
C1CCN2C[C@H]3C[C@H](CN4CCC[C@@H]([C@H]34)O)[C@@H]2C1,CCO,290.15,K,-1.10546509
CCCC(Cc1ccccc1)/N(N(\O)/C(CCC)Cc1ccccc1)/O,CCO,298.15,K,0.041390235
c1cc(c(c(c1)[N+](=O)[O-])Cl)C(=O)O,CCO,298.15,K,-0.207507264
c1ccc(cc1)C(=NNc1ccc(cc1[N+](=O)[O-])[N+](=O)[O-])c1ccccc1,CCO,298.15,K,-3.689890553
Cc1c2ccccc2c(C)c2ccccc12,CCO,293.15,K,-2.235290614
Cn1cc(c(=O)[nH]c1=O)[N+](=O)[O-],CCO,290.15,K,-2.172582627
CCCCCC(=O)NCCNC(=O)CCCCC,CCO,298.15,K,-0.597324383
C=C(C)[C@H]1Cc2c(ccc3C(=O)[C@H]4c5cc(c(cc5OC[C@H]4Oc23)OC)OC)O1,CCO,293.15,K,-2.294933337
C[C@]12CCC(=O)C=C1CC[C@H]1[C@@H]3CC[C@](C(=O)CO)([C@@]3(C)C[C@@H]([C@H]21)O)O,CCO,298.19,K,-1.391988349
CCc1ccc(cc1)C(=O)c1ccccc1C(=O)O,CCO,294.9,K,0.32238574
CC(C)(C)c1cc(c(cc1O)C(C)(C)C)O,CCO,298.03999999999996,K,0.157251372
c1ccc(c(c1)Cl)OC(=O)NC(=O)N,CCO,291.15,K,-2.041611296
c1c(cc(c(c1O)O)O)[C@@H]1[C@H](C(=O)c2c(cc(cc2O1)O)O)O,CCO,298.15,K,-0.275046998
CC(=O)CC1=C(C(=O)O[C@@H]1C)C(C)(C)[C@@H]1C(=O)C(C)OC1=O,CCO,293.15,K,-0.693137174
c1ccc(c(c1)C(=O)N=[N+]=[N-])[N+](=O)[O-],CCO,293.15,K,-0.78430213
CCCCCCCCCCCCCC(C(C(=O)O)O)O,CCO,292.15,K,-1.407459278
COC(=O)C(C(C(=O)OC)OC(=O)c1ccccc1)OC(=O)c1ccccc1,CCO,298.15,K,-2.316835803
c1ccc2c(c1)c1=Nc3cccc(=Nc4c5ccccc5c(N=c5cccc([nH]5)N=c2[nH]1)[nH]4)[nH]3,CCO,298.04999999999995,K,-1.681923089
C[N+](C)(C)CC(=O)[O-],CCO,291.45,K,-0.237499612
C[C@@H](c1cc2ccc(cc2nc1c1ccccn1)F)Nc1c2c([nH]cn2)ncn1,CCO,293.15,K,0.240146748
c1ccc(cc1)C(=O)N,CCO,298.15,K,0.138857616
c1cc(ccc1c1cc(=O)c2c(cc(cc2o1)O)O)O,CCO,298.15,K,-2.219563635
CC(C)[C@@H](C(=O)O)N,CCO,298.04999999999995,K,-3.601867258
CC(C(=O)O)N(CCC(=O)O)C(=O)C,CCO,298.15,K,-0.068248233
C1=CC[C@@H]2[C@H](C1)C(=O)N(C2=O)SC(Cl)(Cl)Cl,CCO,299.15,K,-2.015580865
CCN(CC)CCOC(=O)c1ccc(cc1)NC(=O)CCC(=O)O,CCO,288.15,K,-3.388272563
CC(=O)O[C@H]1CC[C@H]2[C@H]3Cc4ccc(c5c4[C@@]2(CCN3C)[C@H]1O5)OC,CCO,293.15,K,-0.784715311
c1ccc(cc1)c1cc(ccc1[N+](=O)[O-])O,CCO,298.15,K,0.054531415
CC(=O)[C@@]12[C@@H](C[C@H]3[C@@H]4CCC5=CC(=O)CC[C@]5(C)[C@H]4CC[C@]13C)O2,CCO,297.7,K,-1.442176367
CCOc1cc(c(cc1[N+](=O)[O-])[N+](=O)[O-])Cl,CCO,298.15,K,-1.54690736
c1ccc(cc1)Nc1ccc(cc1N)Cl,CCO,293.15,K,-0.436730994
COc1ccc(cc1)N=Cc1ccccc1,CCO,295.15,K,-1.500312969
Cc1cc(ccc1Nc1c(cc(C)s1)C#N)N(=O)=O,CCO,298.15,K,-1.725700348
c1ccc(cc1)P(=O)(c1ccccc1)c1cc(ccc1O)O,CCO,298.25,K,-0.964369565
Cc1ccc(cc1)S(=O)(=O)N,CCO,298.14,K,-0.047210424
c1c(cc(c(c1O)O)O)C(=O)O,CCO,298.19,K,-0.057056573
CCCC(CCC)(C1CCCCC1)C(=O)NO,CCO,299.15,K,-7.2e-06
C=C[C@H]1CN2CC[C@H]1C[C@H]2[C@@H](c1ccnc2ccc(cc12)OC)O,CCO,298.15,K,0.607805464
Cc1ccc2ccc(C)cc2c1,CCO,295.79999999999995,K,0.074274412
c1cc(cc(c1)Nc1ccc(cc1N)Cl)Cl,CCO,293.15,K,-1.558247295
CC1(C)[C@H](CC[C@@]1(C)C(=O)O)C(=O)O,CCO,298.15,K,0.597868172
Cc1c(C#N)c(c2ccccc2)n(c2ccccc2)n1,CCO,293.15,K,-2.479320814
COc1cc(ccc1O)CC1COC(=O)C1Cc1ccc(c(c1)OC)O,CCO,291.15,K,-0.702872483
c1cc(cc(c1)[N+](=O)[O-])C(=O)N=[N+]=[N-],CCO,293.15,K,-1.432119612
c1c(c(cc(c1[N+](=O)[O-])O)O)[N+](=O)[O-],CCO,298.15,K,-2.222083205
Cc1ccc(C)c(c1)OP(=O)(Oc1cc(C)ccc1C)Oc1cc(C)ccc1C,CCO,298.15,K,-0.780751347
c1ccc(cc1)NN=C(C#N)C#N,CCO,298.15,K,-0.492149724
CC(C)NCC(COc1ccc(cc1)CC(=O)N)O,CCO,298.19,K,-0.725034713
CC1(C)CC[C@@]2(CC[C@]3(C)C(=CC[C@@H]4[C@@]5(C)CC[C@@H](C(C)(C)[C@@H]5CC[C@@]34C)O)[C@@H]2C1)C(=O)O,CCO,298.28999999999996,K,-1.869666337
CC(C)COC(=O)c1ccc(cc1)N=Nc1ccc(cc1N)N,CCO,298.15,K,-0.68916985
C(COCn1cnc2c1[nH]c(N)nc2=O)O,CCO,295.65,K,-3.398339376
c1cc(C=C2COCC(=Cc3ccco3)C2=O)oc1,CCO,293.15,K,-2.408677432
CC(CCC1CCCCC1)OC(=O)NC(=O)N,CCO,290.15,K,-2.007808719
Cc1ccc2cc(C(=O)O)c(=O)oc2c1,CCO,287.15,K,-1.65680494
COc1ccc(cc1)S(=O)(=O)NNC(=O)C(c1ccccc1)(c1ccccc1)O,CCO,294.15,K,-2.57399547
C([C@@H](C(=O)O)N)O,CCO,298.04999999999995,K,-3.745111985
COc1ccc(cc1)N=Cc1ccc(cc1[N+](=O)[O-])[N+](=O)[O-],CCO,295.15,K,-2.2839971
c1ccc2cc3ccccc3cc2c1,CCO,298.15,K,-2.103700991
CCC(CC)CC1(CCO)C(=O)NC(=S)NC1=O,CCO,298.15,K,-0.649968662
c1ccc(cc1)C(=O)C=P(c1ccccc1)(c1ccccc1)c1ccccc1,CCO,299.15,K,-0.563834417
CN(C)c1ccc(cc1)C(=NC(=S)Nc1ccccc1)c1ccc(cc1)N(C)C,CCO,289.15,K,-1.7493147
C[C@H]1C[C@](C)(C[C@@H]([C@@H](CC2CC(=O)NC(=O)C2)O)C1=O)O,CCO,298.15,K,-0.297178144
c1cc(cc(c1)O)C(=O)N,CCO,293.15,K,-0.387215989
CC1(C)COP(=O)(C(C)(C)O)OC1,CCO,298.34,K,-0.223633396
c1ccc2c(c1)Cc1ccccc21,CCO,298.34,K,-0.862284454
CCS(=O)(=O)C(C)(C(Cl)(Cl)Cl)S(=O)(=O)CC,CCO,293.15,K,-1.266915455
CO/N=C(/c1csc(N)n1)\C(=O)O,CCO,298.15999999999997,K,-2.672337227
C1[C@@H]([C@H]([C@@H]([C@H]([C@@H]1N)O[C@@H]1[C@@H]([C@H]([C@@H]([C@@H](CO)O1)O)N)O)O)O[C@@H]1[C@@H](C[C@@H]([C@@H](CN)O1)O)N)N,CCO,298.14,K,-1.707880973
c1ccc(cc1)SCCS(=O)CCSc1ccccc1,CCO,291.15,K,-1.508551265
CN1CCN(CC1)c1cc2c(cc1F)c(=O)c(cn2c1ccc(cc1)F)C(=O)O,CCO,298.14,K,-0.061450863
COCN1C(=O)c2ccccc2C1=O,CCO,298.15,K,-1.48557607
c1ccc(cc1)C(=O)c1ccc(cc1)C(=O)c1ccccc1,CCO,288.15,K,-2.854806862
CCC[C@H]1CC2=C(C[C@@H](CC)CC3=C1C(=O)OC3=O)C(=O)OC2=O,CCO,293.15,K,-2.044478349
CCCCCCCCOC(=O)c1cc(c(c(c1)O)O)O,CCO,293.15,K,0.192684881
Cc1ccc2c(c1)C(=O)c1cc(ccc1C2=O)C(=O)O,CCO,295.15,K,-2.080894376
COc1cc(c(c(c1OC)[N+](=O)[O-])[N+](=O)[O-])[N+](=O)[O-],CCO,292.15,K,-1.834355523
c1ccc(cc1)COP(=O)(OCc1ccccc1)OCc1ccccc1,CCO,298.15,K,0.167716211
CCCC(C)CC1(CCO)C(=O)NC(=S)NC1=O,CCO,298.15,K,-0.841870015
CCCC(=O)N(c1ccc(cc1)N(C)C)C(=O)Nc1ccc(cc1)N(C)C,CCO,293.15,K,-2.589989393
c1cc(ccc1Cl)Cl,CCO,298.15,K,-0.20828776
CN(C)CCn1c(nnn1)S,CCO,298.14,K,-2.977160211
c1cc(ccc1C(=O)Nc1ccc(cc1N)N)N,CCO,293.15,K,-1.863368836
c1ccc2c(c1)C(=O)OC2(Nc1cccc(c1)[N+](=O)[O-])Nc1cccc(c1)[N+](=O)[O-],CCO,293.15,K,-1.418572841
C[C@H]1C(=O)CC[C@@H]2[C@]1(C)CC[C@H]1[C@@]2(C)CC[C@@]2(C)[C@@H]3CC(C)(C)CC[C@]3(C)CC[C@]12C,CCO,294.15,K,-2.926857727
CC1(C)COP(=O)(NCCNP2(=O)OCC(C)(C)CO2)OC1,CCO,298.14,K,-2.132990367
C[C@]12C=CC(=O)C=C1CC[C@H]1[C@@H]3CC[C@](C(=O)CO)([C@@]3(C)C[C@@H]([C@H]21)O)O,CCO,298.19,K,-1.171224459
CC(=O)NCC(=O)O,CCO,297.14,K,-1.086940079
CC(=O)Nc1cccc2ccccc12,CCO,298.15,K,-0.766231448
CCCCCCCCCCC(C)(C)C(=O)NO,CCO,299.15,K,0.0
CC(C(=O)c1ccccc1)C(=O)c1ccccc1,CCO,293.15,K,-0.772286248
C1C[C@@H](C(=O)O)NC1,CCO,292.15,K,-0.987862687
CC(C)COC(=O)[C@H]([C@@H](C(=O)OCC(C)C)O)O,CCO,298.15,K,0.244851692
CCC(CC)(CC(C)C)OC(=O)NC(=O)N,CCO,289.15,K,-1.23520234
c1ccc(cc1)COC(=O)NC(=O)N,CCO,290.15,K,-1.945804181
CCCCC(CC)CC(CC)(CC)C(=O)NO,CCO,299.15,K,0.0
c1ccc(cc1)N(c1ccccc1)c1ccc(cc1)/N=N/c1ccc(cc1)S(=O)(=O)C(F)(F)F,CCO,298.15,K,-2.130189117
CC1CCCCC1OC(=O)NC(=O)N,CCO,291.15,K,-1.43525916
CN1CC[C@]23[C@H]4C=C[C@@H]([C@@H]3Oc3c(ccc(C[C@@H]14)c23)OC)O,CCO,298.15,K,0.222761727
CCC1(CCO)C(=O)NC(=S)NC1=O,CCO,298.15,K,-0.564126195
CN(C)c1ccc(cc1)C(C#N)(c1ccccc1)c1ccc(cc1)N(C)C,CCO,297.65,K,-2.508637242
c1ccc2c(c1)c(=O)nc(c1ccccc1S(=O)(=O)N)[nH]2,CCO,295.65,K,-2.612749267
c1ccc(cc1)C(c1ccccc1)(C(=O)NNS(=O)(=O)c1ccccc1)O,CCO,294.15,K,-0.71333159
CCCCCCC(=O)N(c1ccc(cc1)N(C)C)C(=O)Nc1ccc(cc1)N(C)C,CCO,293.15,K,-2.761892022
c1cc(ccc1C(=O)O)[N+](=O)[O-],CCO,298.15,K,-0.860124642
c1cc(ccc1C(=O)N[C@@H](CCC(=O)O)C(=O)O)NCc1cnc2c(c(=O)nc(N)[nH]2)n1,CCO,298.15,K,-2.921360783
Cc1c(c(c(c(c1Br)Br)Br)Br)Br,CCO,293.15,K,-3.670157508
c1ccc(cc1)Nc1ccc(cc1)n1nc2ccccc2n1,CCO,298.15,K,-1.155845958
COc1ccc(cc1)N=Cc1ccc(cc1)[N+](=O)[O-],CCO,295.15,K,-1.962574264
COc1cc(C=CC(=O)O)cc(c1O)OC,CCO,298.14,K,-0.687277577
CCOC(=O)Nc1ccc(cc1N)NCc1ccc(cc1)F,CCO,293.15,K,-1.18089396
CC[C@H](C)C(=O)O[C@H]1C[C@@H](C)C=C2C=C[C@H](C)[C@H](CC[C@@H]3C[C@H](CC(=O)O3)O)[C@@H]12,CCO,298.15,K,-1.218807164
Cc1ccc(cc1)C(CCC(c1ccccc1)(c1ccc(C)cc1)O)(c1ccccc1)O,CCO,295.15,K,-1.90910954
c1ccc2cc(ccc2c1)OP(=O)(Oc1ccc2ccccc2c1)Oc1ccc2ccccc2c1,CCO,298.15,K,-2.678033738
CCCCCCCCCCCCCCCCCNC(=O)CCCCCCCCC(=O)O,CCO,294.15,K,-2.52923583
CN1[C@H]2CC[C@@H]1[C@H]([C@H](C2)O)C(=O)O,CCO,290.15,K,-1.093780574
c1ccc(cc1)/C=C/c1ccccc1,CCO,298.15,K,-1.25995379
CCCn1c2c(c(=O)n(CCC)c1=O)[nH]c(C13CC4CC(CC3C4)C1)n2,CCO,293.15,K,-1.296748044
c1ccc(cc1)C(=O)N=[N+]=[N-],CCO,293.15,K,0.008276759
CCCCCCCCCCCCCCCCCCCCCCCC,CCO,293.0,K,-2.45058394
c1ccc(cc1)N(c1ccccc1)c1ccc(cc1)/N=N/c1ccc(cc1C(F)(F)F)N(=O)=O,CCO,298.15,K,-3.236573593
CCCCCCCCCCCC(=O)O,CCO,293.15,K,0.555510462
CCCCC(=O)N(c1ccc(cc1)N(C)C)C(=O)Nc1ccc(cc1)N(C)C,CCO,293.15,K,-2.685396149
CS(=O)(=O)c1ccc(cc1)C=O,CCO,298.14,K,-2.168330068
CC(C)c1ccc(cc1)NC(=O)N(C)C,CCO,293.15,K,-0.566285938
Cc1ccccc1S(=O)(=O)NNC(=O)C(c1ccccc1)(c1ccccc1)O,CCO,294.15,K,-0.314498856
c1cc2c3ccc(cc3C(c2cc1Br)O)N,CCO,291.15,K,-1.924085877
CC(C)CCC[C@@H](C)[C@H]1CC[C@H]2[C@@H]3CC=C4C[C@H](CC[C@]4(C)[C@H]3CC[C@]12C)OC(=O)C(C)C,CCO,293.15,K,-2.057621417
CCCCCCCCCCCCCCCCOC(=O)CCCCCCCCCCCCCCC,CCO,295.15,K,-3.090170447
Cc1cc(cc(C)c1Oc1c(c(N)nc(Nc2ccc(cc2)C#N)n1)Br)C#N,CCO,298.15,K,-3.767782892
CC(c1ccccc1)OC(=O)NC(=O)N,CCO,292.15,K,-1.486007272
c1ccc(cc1)C(c1ccccc1)(C(=O)NNS(=O)(=O)c1ccc(cc1)N)O,CCO,294.15,K,-1.962800068
CCC(C(=O)O)NC=O,CCO,298.15,K,-0.449776358
c1c(cc(cc1O)O)O,CCO,298.15,K,0.53062241
CCCC1(CCO)C(=O)NC(=S)NC1=O,CCO,298.15,K,-0.204123
CC(=O)Nc1ccc(cc1)C(=O)O,CCO,293.15,K,-0.767004244
CCCCCCCOC(=O)NC(=O)N,CCO,292.84999999999997,K,-1.703837128
c1ccc(cc1)c1cccc(c1)/N=C/c1ccc(cc1N(=O)=O)N(=O)=O,CCO,295.15,K,-2.065501258
CCC1(CC)C(=O)NC(=S)NC1=O,CCO,293.15,K,-0.014917656
CC1=NNC(=O)N(C1)/N=C/c1cccnc1,CCO,293.15,K,-1.984737284
c1cc(ccc1O)O,CCO,297.65,K,0.533701714
CCCCCCCCCCCCCCCCCC(=O)O,CCO,298.15,K,-0.600165637
c1ccc2c(c1)c(CC(C(=O)O)N)c[nH]2,CCO,298.15,K,-3.320665467
CCCCCCCCCCCCCCCCCC(=O)OCCCl,CCO,298.15,K,-1.320844297
CN(c1ccccc1)c1c(cc(cc1[N+](=O)[O-])[N+](=O)[O-])[N+](=O)[O-],CCO,298.15,K,-2.025641699
CC(C)[C@@](CC[C@](C)(C(=O)O)O)(C(=O)O)O,CCO,293.15,K,-0.749541691
Cc1ccnc(n1)NS(=O)(=O)c1ccc(cc1)N,CCO,297.15,K,-2.101837285
c1ccc(cc1)C1C(=O)C(=O)OC1c1ccc2c(c1)OCO2,CCO,290.15,K,-2.210200097
CC(=O)Nc1ccccc1C(=O)O,CCO,293.15,K,-0.568635787
CCOC(=O)C(C(C(=O)OCC)OC(=O)C)OC(=O)C,CCO,297.34999999999997,K,0.598792806
CCCCCCCCCCCCC1C(=O)N=C(N)S1,CCO,298.15,K,-2.027519105
CCCC(CCC)OC(=O)NC(=O)N,CCO,289.65,K,-1.693113263
c1ccc(cc1)c1ccc(cc1)/C=N/c1cccc(c1)c1ccccc1,CCO,295.15,K,-2.13076902
c1cc(ccc1C(=O)N)O,CCO,293.15,K,0.170261202
CN1C(=C(c2ccccc2S1(=O)=O)O)C(=O)Nc1ccccn1,CCO,298.14,K,-2.438899077
CC(C)CCC[C@@H](C)[C@H]1CC[C@H]2/C(=C/C=C\3/C[C@H](CCC3=C)O)/CCC[C@]12C,CCO,298.15,K,0.595269013
Cc1cccc(c1OCC(=O)Nc1ccccc1)Cl,CCO,298.15,K,-0.440491896
c1ccc(cc1)c1c(ccc(c1[N+](=O)[O-])O)[N+](=O)[O-],CCO,298.15,K,-0.394128008
CCOC(=O)[C@H]([C@H](C(=O)N)O)O,CCO,295.15,K,-1.072362614
c1ccc(cc1)Nc1cccc(c1N)Cl,CCO,293.15,K,-0.686608467
CN1CC[C@]23[C@H]4CC[C@@H]([C@@H]3Oc3c(ccc(C[C@@H]14)c23)OC)O,CCO,293.15,K,-0.456942235
c1cc(c(cc1c1c(c(=O)c2c(cc(cc2o1)O)O)O)O)O,CCO,298.59,K,-1.581767392
CCCCCCC/C=C/C(=O)N(c1ccc(cc1)N(C)C)C(=O)Nc1ccc(cc1)N(C)C,CCO,293.15,K,-2.477818615
CC(=O)Nc1cccc(c1)C(=O)O,CCO,293.15,K,-1.214669172
c1cc(ccc1C=O)O,CCO,297.37,K,0.539322329
c1ccc(cc1)Nc1ccc(cc1[N+](=O)[O-])[N+](=O)[O-],CCO,288.15,K,-2.402484727
CCCCCCCCC(CC(=O)N(c1ccc(cc1)N(C)C)C(=O)Nc1ccc(cc1)N(C)C)O,CCO,293.15,K,-2.001074769
c1ccc2c(c1)cccc2[N+](=O)[O-],CCO,298.15,K,-0.323508953
c1cc2c(Cc3cc(ccc23)N)cc1Br,CCO,291.15,K,-1.517953347
c1cc(c(c2c1cc(cc2[N+](=O)[O-])[N+](=O)[O-])[N+](=O)[O-])Cl,CCO,288.15,K,-2.531144873
Cc1ccc(cc1[N+](=O)[O-])[N+](=O)[O-],CCO,288.15,K,-0.965213683
CCCCOC(=O)NC(=O)N,CCO,291.15,K,-1.114684198
c1ccc2c(c1)nc(CSCc1nc3ccccc3o1)o2,CCO,298.14,K,-0.190347928
c1ccc(cc1)OC(=O)Oc1ccccc1,CCO,297.98999999999995,K,-0.639030045
C1CCC(CC1)n1c(CCCCOc2ccc3c(CCC(=O)N3)c2)nnn1,CCO,298.15,K,-1.98098835
C=C1C[C@]23C[C@H]1CC[C@H]2[C@]12CC[C@@H]([C@](C)([C@H]1[C@@H]3C(=O)O)C(=O)O2)O,CCO,298.14,K,-1.6435879
c1ccc(cc1)C(c1ccccc1)C(c1ccccc1)c1ccccc1,CCO,293.15,K,-2.720888368
Cc1cc2C(c3ccc(c(c3C(=O)c2c(c1)O)OC)O)C1[C@@H]([C@H]([C@@H]([C@@H](CO)O1)O)O)O,CCO,288.15,K,-1.887724776
c1ccc(cc1)C(=O)c1ccccc1,CCO,290.75,K,-0.129832963
CCCCCCCCCCC1C(=O)N=C(N)S1,CCO,298.15,K,-1.753799911
c1ccc2c(c1)cccc2NC(=O)NCCC(=O)O,CCO,298.15,K,-2.123908523
c1ccc(cc1)COC(=O)NCCCCCC(=O)O,CCO,293.15,K,0.061201085
CC1(C)[C@@]2(C)CC[C@@]1(C(=O)OC2=O)Cl,CCO,291.15,K,-1.456273421
C1[C@@H]([C@H]([C@@H]([C@@H](O1)ON(=O)=O)ON(=O)=O)ON(=O)=O)ON(=O)=O,CCO,293.15,K,-0.802671124
CC(=O)Nc1ccc(cc1)O,CCO,298.15,K,-0.052566894
c1ccc2c(c1)C(=O)c1ccccc1C2=O,CCO,298.15,K,-1.77781932
Cc1ccc(cc1)N(/C(=N/c1ccccc1)/Nc1ccccc1)c1[nH]c2ccc(C)cc2n1,CCO,288.15,K,-2.737778954
c1cc2c(cc1C=O)OCO2,CCO,293.15,K,0.823520944
CC1(C)CC(=CC(=C(C#N)C#N)C1)/C=C/c1ccc(cc1)O,CCO,298.15,K,-2.196486306
COc1ccc2c(c1)c(ccn2)[C@H]([C@@H]1C[C@H]2CCN1C[C@@H]2C(=O)O)O,CCO,298.15,K,-2.376164922
c1ccnc(c1)C(=O)O,CCO,298.15,K,-0.357903099
c1ccc2c(c1)c(cc(c2Cl)[N+](=O)[O-])[N+](=O)[O-],CCO,298.15,K,-2.152037413
c1ccc(c(c1)C(=O)N)O,CCO,293.15,K,-0.2924297
c1ccc(c(c1)C(=O)O)[N+](=O)[O-],CCO,298.15,K,0.346342884
C(CCC(=O)[O-])CC[NH3+],CCO,298.15,K,-2.721651726
c1cc(C(=O)O)oc1,CCO,297.65,K,0.551813258
c1ccc(cc1)/C=C/C=N/NC(=O)C(=O)N,CCO,293.15,K,-3.336913804
C[C@@H]1CCC[C@H](C1)NC(=O)c1ccc2ccccc2c1,CCO,299.15,K,-0.300009502
C(C(CO[N+](=O)[O-])O[N+](=O)[O-])O[N+](=O)[O-],CCO,293.15,K,0.213147688
CCCCCCC(CC(=O)N(c1ccc(cc1)N(C)C)C(=O)Nc1ccc(cc1)N(C)C)O,CCO,293.15,K,-1.782676142
CC(C)(C)OC(=O)NC(=O)N,CCO,288.15,K,-1.345451013
Cc1c(cc(cc1[N+](=O)[O-])[N+](=O)[O-])[N+](=O)[O-],CCO,295.15,K,-1.141621798
CCCCCCCCC(=O)N(c1ccc(cc1)N(C)C)C(=O)Nc1ccc(cc1)N(C)C,CCO,293.15,K,-2.21336048
CC(=O)OC1C(C(C(C(C1OC(=O)C)OC(=O)C)OC(=O)C)OC(=O)C)Br,CCO,293.15,K,-3.48023793
c1cc(ccc1Br)Br,CCO,298.15,K,-0.867589008
CCC(C(C)C)OC(=O)NC(=O)N,CCO,293.15,K,-1.140823795
c1ccc(cc1)Cn1cc(CO)nn1,CCO,298.14,K,0.154186179
C(CO)CP(=O)(CCCO)CCCO,CCO,298.10999999999996,K,-0.411966222
CCCCCCCCCCCCCC(=O)O,CCO,293.15,K,-0.184944653
CC(C)(CO)[C@@H](C(=O)NCCC(=O)NCCSC(=O)c1cccc2ccccc12)O,CCO,293.15,K,-0.880152424
CC1(C)C2CCC1(C)C(=O)C2Cl,CCO,293.15,K,-0.169738033
c1cc(ccc1N)[N+](=O)[O-],CCO,298.15,K,-0.47235575
Cc1c(c(=O)ccn1C)O,CCO,298.19,K,-1.610709477
c1c(cc(cc1[N+](=O)[O-])[N+](=O)[O-])[N+](=O)[O-],CCO,291.15,K,-1.158333962
CN(C)c1ccc(cc1)NC(=O)N(C=O)c1ccc(cc1)N(C)C,CCO,293.15,K,-2.274082705
c1ccc2ccccc2c1,CCO,298.15,K,-0.187415696
C(C(=O)O)NC=O,CCO,298.15,K,-0.522870319
CCCCCCCCCCCC(=O)OCC(=O)c1ccccc1,CCO,298.15,K,-0.77226716
C(CCCCCNCCCCCCN)CCCCC(=O)O,CCO,293.15,K,-2.477822797
c1cc(c(cc1[N+](=O)[O-])[N+](=O)[O-])Nc1ccc(cc1[N+](=O)[O-])[N+](=O)[O-],CCO,288.15,K,-2.938281855
Cc1c(cc2c(c1[N+](=O)[O-])C(C)(C)CC2(C)C)[N+](=O)[O-],CCO,288.15,K,-1.702185548
CCCCC(=O)NNC(=O)CCCC,CCO,293.15,K,-0.549591303
C(CO[N+](=O)[O-])N(c1c(cc(cc1[N+](=O)[O-])[N+](=O)[O-])[N+](=O)[O-])[N+](=O)[O-],CCO,298.15,K,-2.620276486
CCCCN(CCCC)CCOC(=O)c1ccc(cc1)/N=N/c1ccc(cc1N)N,CCO,298.15,K,-0.886878183
CN(C)c1ccc(cc1)C(=Nc1ccc(cc1)N)c1ccc(cc1)N(C)C,CCO,293.15,K,-1.921003744
CC(=O)C1=CC[C@H]2[C@@H]3CCC4=CC(=O)C=C[C@]4(C)[C@H]3[C@H](C[C@]12C)O,CCO,298.14,K,0.562124627
c1cc2c(c(c1)N)C(=O)N(C1CCC(=O)NC1=O)C2=O,CCO,297.15,K,-2.436556992
Cc1ccc(cc1)C(c1ccc(C)cc1)(C(c1ccc(C)cc1)(c1ccc(C)cc1)O)O,CCO,298.15,K,-3.023835587
COc1ccc(cc1)P(c1ccc(cc1)OC)c1ccc(cc1)OC,CCO,298.25,K,-2.19358722
CCOC(=O)C1C(=O)CC(C)(C(C1c1ccccc1)C(=O)OCC)O,CCO,293.15,K,-1.56390915
CC1(C)CC(CC(C)(C)N1)O,CCO,298.14,K,0.361215791
c1cc(ccc1CCC(=O)c1c(cc(cc1O)O)O)O,CCO,298.19,K,-0.178478611
CCOC(=O)/C=C/C=C/C(=O)OCC,CCO,298.15,K,-0.406026263
c1cc(N)nc(c1)N,CCO,297.14,K,0.542212284
c1ccc(cc1)C(C(c1ccccc1)C(=O)c1ccccc1)C1C(=O)c2ccccc2C1=O,CCO,293.15,K,-2.332946187
c1ccc(cc1)CCOC(=O)NC(=O)N,CCO,290.15,K,-2.415426198
CC(=CC(C(Cl)(Cl)Cl)O)C,CCO,293.15,K,0.39824594
CCCCCCC(C)OC(=O)NC(=O)N,CCO,287.15,K,-2.025386193
CCCCCCC(CCC)(CCC)C(=O)NO,CCO,299.15,K,0.0
c1cc(cc(c1)Br)C(=O)O,CCO,298.15,K,-0.438898118
CC(C)(C)NCC(COc1cccc2C[C@H]([C@H](Cc12)O)O)O,CCO,296.15,K,-0.799447239
CC(C)C1CCC(C)CC1OC(=O)NC(=O)N,CCO,291.15,K,-2.23825764
c1ccc(cc1)Nc1ccc(cc1)N=Nc1ccccc1,CCO,298.15,K,0.0681909
COC(=O)c1ccc(cc1)N=Nc1ccc(cc1N)N,CCO,298.15,K,-1.940469891
C[C@@H]1CC[C@@]2(CC[C@]3(C)C(=CC[C@@H]4[C@@]5(C)CC[C@@H](C(C)(C)[C@@H]5CC[C@@]34C)O)[C@@H]2[C@H]1C)C(=O)O,CCO,291.15,K,-2.091437846
c1cc2c3ccc(cc3C(c2cc1Cl)O)N,CCO,291.15,K,-1.467648316
CC#CC(=O)N1CCC[C@H]1c1nc(c2ccc(cc2)C(=O)Nc2ccccn2)c2c(N)nccn12,CCO,298.15,K,-2.190811492
C1CCC(CC1)N(C(=O)C1CCC1)O,CCO,298.15,K,-0.121328008
CCCCc1ccc(cc1)/C(=N\Nc1ccc(C)cc1)/C(=O)O,CCO,293.15,K,-1.050605969
c1ccc2c(c1)[nH]c(c1cscn1)n2,CCO,298.15,K,-2.164398831
c1ccc2c(c1)Nc1ccccc1S2,CCO,293.15,K,-1.039383609
c1cc(c(cc1c1coc2cc(cc(c2c1=O)O)O[C@H]1[C@@H]([C@H]([C@@H]([C@@H](CO)O1)O)O)O)O)O,CCO,291.15,K,-3.07662633
C(CCC(=O)O)CCC(=O)O,CCO,298.44,K,0.315608112
C(CCC(=O)O)CC(=O)O,CCO,298.15,K,-0.215388012
CC(=O)NCCNC(=O)C,CCO,298.15,K,-0.04161264
CCCOC(=O)c1ccc(cc1)N=Nc1ccc(cc1N)N,CCO,298.15,K,-1.481282533
c1ccc(cc1)C(=O)O,CCO,298.04999999999995,K,0.4390219
C([C@@H]1[C@H]([C@@H]([C@@H](C(O)O1)O)O)O)O,CCO,298.15,K,-1.224872541
c1ccc(cc1)C(CC(=O)c1ccccc1)C(C#N)c1ccc(cc1)[N+](=O)[O-],CCO,293.15,K,-2.346744758
CCCCCCCCCCCCCCCC(=O)O[C@H]1CO[C@@H](c2ccccc2)OC1,CCO,299.15,K,-1.378778812
CCCCCCCC(=O)N(c1ccc(cc1)N(C)C)C(=O)Nc1ccc(cc1)N(C)C,CCO,293.15,K,-2.554632308
c1ccc(cc1)C(=O)C(=O)c1ccccc1,CCO,298.15,K,-0.73614786
C[C@H](CCC(=O)O)[C@H]1CC[C@H]2[C@H]3[C@H](CC(=O)[C@]12C)[C@@](C)(CCC(=O)O)[C@H](CC3=O)C(=O)O,CCO,296.15,K,-0.709240079
C/C=C/CCCCCCCC(=O)N(c1ccc(cc1)N(C)C)C(=O)Nc1ccc(cc1)N(C)C,CCO,293.15,K,-2.491131172
c1ccc(cc1)C(c1ccc(cc1)Cl)(C(c1ccccc1)(c1ccc(cc1)Cl)O)O,CCO,298.15,K,-2.638838549
c1ccc2cc(ccc2c1)N(CCCl)CCCl,CCO,288.15,K,-0.923286124
CN(C)c1ccc(cc1)C(=NC(=O)c1ccccc1)c1ccc(cc1)N(C)C,CCO,289.15,K,-2.365817792
c1ccc(cc1)C(C=CC(c1ccccc1)(c1ccccc1)O)(c1ccccc1)O,CCO,297.15,K,-1.714775632
c1cc(c(cc1Cl)Cl)Oc1ccc(cc1O)Cl,CCO,298.14,K,0.885787518
CCCCCCCCCCCCOC(=O)NC(=O)N,CCO,293.84999999999997,K,-2.98802994
CC(C)C1CCC(C)CC1OC(=O)C(c1ccccc1)O,CCO,298.15,K,-0.613450986
O=[S]1CC[S](=O)CC1,CCO,295.15,K,-0.828414631
c1ccc2c(c1)OP1(=nP3(=nP4(=n1)Oc1ccccc1O4)Oc1ccccc1O3)O2,CCO,298.03999999999996,K,-2.687057915
Cc1cc(ccc1/N=N/c1ccc(cc1)N(c1ccccc1)c1ccccc1)N(=O)=O,CCO,298.15,K,-2.826812954
CC(=CC(=O)N(c1ccc(cc1)N(C)C)C(=O)Nc1ccc(cc1)N(C)C)C,CCO,293.15,K,-2.569157792
COc1ccc(cc1)COC(=O)NC(=O)N,CCO,290.15,K,-2.505568561
c1cc(ccc1C=CC(=O)O)[N+](=O)[O-],CCO,298.15,K,-2.299143214
CC(=O)[C@@]12[C@@H](C[C@H]3[C@@H]4CCC5=CC(=O)CC[C@]5(C)[C@H]4[C@@H](C[C@]13C)O)O2,CCO,298.2,K,-1.866310262
c1cc(ccc1C(=O)O)Cl,CCO,298.15,K,-0.538348802
CC(C)(O)P1(=O)OCC2(CO1)COP(=O)(C(C)(C)O)OC2,CCO,297.62,K,-1.501169197
CC(C)CCC[C@@H](C)[C@H]1CC[C@H]2[C@@H]3CC=C4C[C@H](CC[C@]4(C)[C@H]3CC[C@]12C)OC(=O)C,CCO,293.15,K,-1.933182466
C(CCCNC(=O)OCCCCO)CCNC(=O)OCCCCO,CCO,293.15,K,-0.809734245
Cc1ccc2c(ccc(c2n1)O)[N+](=O)[O-],CCO,293.15,K,-1.910350113
CC(C)(C)c1ccc(cc1)C(=O)NN,CCO,298.15,K,0.137054209
CN1CC[C@]23[C@H]4C=CC(=O)[C@@H]3Oc3c(ccc(C[C@@H]14)c23)OC,CCO,293.15,K,-2.242824864
CCCC(C)(C)OC(=O)NC(=O)N,CCO,289.15,K,-0.894470679
c1ccc(cc1)C(c1ccccc1Cl)(C(c1ccccc1)(c1ccccc1Cl)O)O,CCO,298.15,K,-3.258627307
c1ccc(cc1)OP(=O)(Oc1ccccc1)Oc1ccccc1,CCO,298.15,K,0.333971557
CCCC(=Cc1ccco1)C=NNC(=O)N,CCO,295.15,K,-0.946268355
CC1CCC2(CCC3(C)C(=CCC4C5(C)CCC(C(C)(C)C5CCC34C)O)C2C1C)C(=O)OC,CCO,288.15,K,-0.951626569
c1c(cc(c(c1[N+](=O)[O-])C(=O)N=[N+]=[N-])[N+](=O)[O-])[N+](=O)[O-],CCO,293.15,K,-2.854235622
CC(C)CCC[C@@H](C)[C@H]1CC[C@H]2[C@@H]3CC=C4C[C@H](CC[C@]4(C)[C@H]3CC[C@]12C)OC=O,CCO,293.15,K,-1.839553461
c1ccc(cc1)Nc1ccc(cc1)/N=N/c1ccc(cc1)N(=O)=O,CCO,298.15,K,-1.355566778
c1ccc(c(c1)C(=O)O)O,CCO,298.15,K,0.363600914
c1ccc(c(c1)C(=O)c1ccc(cc1)O)C(=O)O,CCO,294.15,K,0.172072779
c1ccc2c(c1)c1CCCCc1n2C(=O)N,CCO,298.15,K,-1.234045276
COc1ccc(cc1)N=Cc1ccc(cc1)c1ccccc1,CCO,295.15,K,-2.638272361
CCOC1(C(c2ccccc2)Br)C(=O)NC(=O)N1,CCO,293.15,K,-1.042435463
CCc1c(c(=O)cco1)O,CCO,298.14,K,0.135544069
CCCCCCCCCCCCCCC1C(=O)N=C(N)S1,CCO,298.15,K,-2.581063963
c1ccc(cc1)CC1C(=O)N(c2ccccc2)C(=O)N1CC(=O)O,CCO,293.15,K,0.187974848
C1C=C(CC[C@@H](CC(=O)O)O)C(=O)C1,CCO,293.15,K,-0.394055294
Cc1ccc(cc1)C(c1ccccc1)(C(c1ccccc1)(c1ccc(C)cc1)O)O,CCO,298.15,K,-2.897091314
CCCCC1=NC2(CCCC2)C(=O)N1Cc1ccc(cc1)c1ccccc1c1[nH]nnn1,CCO,297.78999999999996,K,-1.741562862
CN[C@]1(CCCCC1=O)c1ccccc1Cl,CCO,298.09,K,-0.528767431
CCOc1ccc(cc1OC)COC(=O)NC(=O)N,CCO,290.15,K,-2.837505883
c1ccc(cc1)Nc1cc(ccc1N)Cl,CCO,293.15,K,-1.225877629
c1cc(ccc1C=C1CCC(=Cc2ccc(cc2)O)C1=O)O,CCO,293.15,K,-2.272754731
Cc1c(c(C)c(c(C)c1[N+](=O)[O-])[N+](=O)[O-])[N+](=O)[O-],CCO,288.15,K,-3.105828551
c1ccc2c(c1)[nH]c(=O)n2C1CCN(CCCC(c2ccc(cc2)F)c2ccc(cc2)F)CC1,CCO,298.15,K,-1.687277577
c1cc(Cl)ncc1CN1CCN/C/1=N\[N+](=O)[O-],CCO,298.67999999999995,K,-2.065409192
c1cc(c(cc1O)O)c1c(c(=O)c2c(cc(cc2o1)O)O)O,CCO,298.14,K,-1.004364225
COc1c(cc(cc1Br)Br)Br,CCO,288.15,K,-1.524765299
C1[C@H]([C@@H]2[C@@H]([C@@H]3[C@H](O2)O[C@@H](C(Cl)(Cl)Cl)O3)O)O[C@@H](C(Cl)(Cl)Cl)O1,CCO,298.15,K,-3.132343579
c1cc2c(cc(c(c2nc1)O)I)S(=O)(=O)O,CCO,298.15,K,-2.062583221
Cc1ccc(C)c(c1[N+](=O)[O-])[N+](=O)[O-],CCO,288.15,K,-0.950194414
CCN(CC)CCNC(=O)c1ccc(cc1)NC(=O)/C=C\C(=O)O,CCO,288.15,K,-3.171335925
c1(=O)[nH]c(=O)[nH]c(=O)[nH]1,CCO,295.65,K,-2.213600031
COc1cc(/C=C/C(=O)CC(=O)/C=C/c2ccc(c(c2)OC)O)ccc1O,CCO,298.15,K,-2.166852656
CCOC(=O)c1ccc(cc1)NC(=S)N,CCO,293.15,K,-0.873675102
Cc1cc(c(C)c(c1[N+](=O)[O-])[N+](=O)[O-])[N+](=O)[O-],CCO,288.15,K,-2.08127528
CC(=O)NNC(=O)C,CCO,293.15,K,0.115505606
c1ccc(cc1)C(c1ccccc1)(C(=O)NNS(=O)(=O)c1ccc(cc1)[N+](=O)[O-])O,CCO,294.15,K,-1.177553773
c1ccc(cc1)Nc1ccc(cc1)n1nc2ccccc2[n+]1[O-],CCO,298.15,K,-2.003367172
CCCCCCCCCCCCCCCCCC(=O)Nc1ccccc1,CCO,293.15,K,-2.379723593
c1ccc(cc1)OC(=O)c1ccccc1O,CCO,298.14,K,0.338028289
CCOc1ccc(cc1/C=N/NC(=O)N)[N+](=O)[O-],CCO,293.15,K,-2.504554637
Cc1cnc(NC(=O)C2=C(c3ccccc3S(=O)(=O)N2C)O)s1,CCO,298.14,K,-3.012875764
CCCCC(C)OC(=O)NC(=O)N,CCO,290.15,K,-1.287910186
COc1cnc(Cl)nc1Cl,CCO,299.42999999999995,K,-0.090405698
CCCOC(=O)c1cc(c(c(c1)O)O)O,CCO,298.15,K,0.583329855
c1cc2c(cccc2[N+](=O)[O-])c(c1)[N+](=O)[O-],CCO,289.15,K,-3.02657759
COc1ccc(cc1OC)C(=O)N1CCN(CC1)c1ccc2c(CCC(=O)N2)c1,CCO,298.15,K,-3.097255742
Cc1ccccc1C(=O)O,CCO,296.04999999999995,K,0.365480473
Cc1cc(cc(c1O)[N+](=O)[O-])[N+](=O)[O-],CCO,288.15,K,-0.766250641
CN(C)c1ccc(cc1)C(=Nc1ccccc1N)c1ccc(cc1)N(C)C,CCO,290.15,K,-2.350352217
CN(C1=C(C=C(C=C1N(=O)=O)N(=O)=O)N(=O)=O)N(=O)=O,CC(=O)C,291.15,K,0.243700949
COC1=CC=C(C=C1O)[C@@H]1CC(=O)C2=C(O1)C=C(O)C=C2O,CC(=O)C,298.19,K,-0.468519224
CCOC1=C(C=C(C=C1N(=O)=O)N(=O)=O)N(=O)=O,CC(=O)C,288.15,K,-1.436150825
CC12SC3(C)SC(C)(S1)SC(C)(S2)S3,CC(=O)C,293.15,K,-0.459237338
OC(=O)C1=CC=C2C(=O)C3=C(C=CC=C3)C(=O)C2=C1,CC(=O)C,298.15,K,-1.963880817
C1=CC2=C3C(C=CC4=C3C(C=C2)=CC=C4)=C1,CC(=O)C,293.15,K,-0.420205667
O=C(OCOC(=O)C1=CC=CC=C1)C1=CC=CC=C1,CC(=O)C,297.15,K,-0.25853527
CCOC(=O)C1=C(N(C)N=C1)S(=O)(=O)NC(=O)NC1=NC(OC)=CC(OC)=N1,CC(=O)C,293.15,K,-1.116359437
[H][C@@]12CC[C@@H](C)[C@]3([H])CC[C@@]4(C)OO[C@@]13[C@]([H])(OC(=O)[C@@H]2C)O4,CC(=O)C,298.14,K,-0.940910623
[H][C@@]12COC(=O)[C@@]1([H])CC1=CC(OC)=C(O)C=C1[C@H]2C1=CC=C(O)C(OC)=C1,CC(=O)C,293.15,K,-0.949847239
C1CC2=C3C1=CC=CC3=CC=C2,CC(=O)C,297.98999999999995,K,-0.029200381
C1=CC=C(C=C1)\N=N\C1=CC=CC=C1,CC(=O)C,298.15,K,0.2903599
[H][C@](C)(\C=C\[C@@]([H])(C)[C@@]1([H])CC[C@@]2([H])C3=CC=C4C[C@@H](O)CC[C@]4(C)[C@@]3([H])CC[C@]12C)C(C)C,CC(=O)C,295.15,K,-2.004575462
[H][C@@]12C[C@H]3OC(C)=N[C@@]3(C(=O)COC(C)=O)[C@@]1(C)C[C@H](O)[C@@]1([H])[C@@]2([H])CCC2=CC(=O)C=C[C@]12C,CC(=O)C,303.14,K,-1.011129134
C(N(C1=CC=CC=C1)C1=CC=CC=C1)C1=CC=CC=C1,CC(=O)C,293.15,K,-0.413887927
[H][C@@](C)(CCCC(C)C)[C@@]1([H])CC[C@@]2([H])[C@]3([H])CC=C4C[C@H](CC[C@]4(C)[C@@]3([H])CC[C@]12C)OC(=O)CCCCC,CC(=O)C,293.15,K,-1.907416736
CCN(C(=O)C1=C(O)C2=C(Cl)C=CC=C2N(C)C1=O)C1=CC=CC=C1,CC(=O)C,293.15,K,-1.863660145
OC(=O)C1=CC=C(C=O)C=C1,CC(=O)C,303.15,K,-1.10551814
CC1(C)[C@@H](CC[C@@]1(C)C(N)=O)C(O)=O,CC(=O)C,293.15,K,-0.501438686
COC(=O)C1=NNN(C)C1=O,CC(=O)C,291.15,K,-0.958964009
CN(C)C1=CC2=C(NC3=C(C(=C(N(C)N(=O)=O)C(=C3)N(=O)=O)N(=O)=O)S2(=O)=O)C=C1,CC(=O)C,293.15,K,-2.641848751
CC(C)CC1=CC=C(C=C1)C(C)C(O)=O,CC(=O)C,297.85999999999996,K,-2.052242072
FC1=CC(=CC(F)=C1Br)N1C(=O)C=CC1=O,CC(=O)C,298.34,K,-2.869306476
OC(=O)C1=C(Br)C=CC=C1Br,CC(=O)C,293.15,K,0.643456062
O=C(OCC(COC(=O)C1=CC=C(C=C1)N(=O)=O)OC(=O)C1=CC=C(C=C1)N(=O)=O)C1=CC=CC=C1,CC(=O)C,294.15,K,-0.81694987
NC1=C(C=C(C=C1N(=O)=O)N(=O)=O)N(=O)=O,CC(=O)C,292.65,K,-0.782235366
CO\C=C(\C(=O)OC)C1=C(COC2=NC(=CC=C2)C(F)(F)F)C=CC=C1,CC(=O)C,293.15,K,-0.167110479
C1=CC2=CC3=CC4=CC=CC=C4C=C3C=C2C=C1,CC(=O)C,293.15,K,-2.167497354
CCOCN1C(=O)C2=C(C=CC=C2)C1=O,CC(=O)C,298.15,K,-2.914264861
OC1=CC(O)=C2C(=O)C(=COC2=C1)C1=CC(O)=C(O)C=C1,CC(=O)C,291.15,K,-0.792311105
C1OC(OC1C1COC(O1)C1=CC=CC=C1)C1=CC=CC=C1,CC(=O)C,290.15,K,-1.943231113
ClC1=C(Cl)C=C(C=C1)C1CCC(=O)C2=CC=CC=C12,CC(=O)C,298.27,K,-0.362530939
[H][C@@]12CC[C@@](C)([C@@H](O)[C@H]1NC(=O)[C@@H](O)C(C)(C)CO)C2(C)C,CC(=O)C,293.15,K,-0.415569911
[H][C@@]12OC3=C4C(C[C@H]5N(C)CC[C@@]14[C@@]5([H])CC[C@@H]2OC(C)=O)=CC=C3OC,CC(=O)C,293.15,K,-0.294172235
CCCCCCCCCCCCCC(=O)CCCCCCCCC(O)=O,CC(=O)C,288.15,K,-2.265526513
OC1=CC=C(O)C(=C1)P(=O)(C1=CC=CC=C1)C1=CC=CC=C1,CC(=O)C,299.44,K,-1.626268427
N#C\C(=N/NC1=CC=CC=C1)C#N,CC(=O)C,298.15,K,0.389157907
ClC1=NC(Cl)=NC(Cl)=N1,CC(=O)C,298.15,K,0.027020488
[H][C@@]12CC(C)(C)CC[C@@]1(CC[C@]1(C)C2=CC[C@]2([H])[C@@]3(C)CC[C@H](O)C(C)(C)[C@]3([H])CC[C@@]12C)C(O)=O,CC(=O)C,298.28999999999996,K,-1.863279662
N#CSC=CSC#N,CC(=O)C,289.15,K,-0.038971514
CC(C)(O)P1(=O)OCC(C)(C)CO1,CC(=O)C,298.64,K,-1.166015098
COC1=C(C(=CC(=C1N(=O)=O)N(=O)=O)N(=O)=O)N(=O)=O,CC(=O)C,302.15,K,0.440247065
COCN1C(=O)C2=C(C=CC=C2)C1=O,CC(=O)C,298.15,K,-0.184546074
CCC[C@H]1CC2=C(C[C@@H](CC)CC3=C1C(=O)OC3=O)C(=O)OC2=O,CC(=O)C,293.15,K,0.277740946
CCCC(=O)N(C(=O)NC1=CC=C(C=C1)N(C)C)C1=CC=C(C=C1)N(C)C,CC(=O)C,293.15,K,-1.947267216
[H][C@@]12CCC(=O)[C@@]1(C)CCC1=C3C=CC(O)=CC3=CC=C21,CC(=O)C,303.15,K,-0.918843431
[H][C@@](C)(CCCC(C)C)[C@@]1([H])CC[C@@]2([H])[C@]3([H])CC=C4C[C@H](CC[C@]4(C)[C@@]3([H])CC[C@]12C)OC(=O)C(C)C,CC(=O)C,293.15,K,-1.659681409
ClC1=CC=CC2=C1C=CC1=NC3=CC=CC=C3N(=O)=C21,CC(=O)C,291.15,K,-1.30213449
OC1=CC=CC2=C1C(=O)C1=C(O)C=CC=C1C2=O,CC(=O)C,298.14,K,-1.6005955
CC(=O)NC1=CC=CC=C1C(O)=O,CC(=O)C,293.15,K,-0.698970004
CNC(=O)C1=CC=CC=C1SC1=CC=C2C(NN=C2\C=C\C2=NC=CC=C2)=C1,CC(=O)C,295.65,K,-2.587123653
CN1C=NC2=C1C(=O)N(C)C(=O)N2C,CC(=O)C,298.15,K,-1.214386967
NC(=O)C1=CC=CC=C1O,CC(=O)C,298.15,K,0.242728476
OC(=O)C1=CC=CC=C1N(=O)=O,CC(=O)C,293.15,K,0.406536563
Cl[C@H]1[C@H](Cl)[C@@H](Cl)C2=CC=CC=C2[C@@H]1Cl,CC(=O)C,293.15,K,-0.250914279
CCCCCCCCC(=O)N(C(=O)NC1=CC=C(C=C1)N(C)C)C1=CC=C(C=C1)N(C)C,CC(=O)C,293.15,K,-1.274455393
NC1=CC=C(C=C1)N(=O)=O,CC(=O)C,298.15,K,0.304933209
O=N(=O)C1=CC(=CC(=C1)N(=O)=O)N(=O)=O,CC(=O)C,290.15,K,0.337934939
ClC1=C2C(=O)OC(=O)C2=CC=C1,CC(=O)C,298.14,K,0.469946158
[H][C@@]12CC=C(C(C)=O)[C@@]1(C)C[C@H](O)[C@@]1([H])[C@@]2([H])CCC2=CC(=O)C=C[C@]12C,CC(=O)C,298.14,K,0.414898592
OC(=O)C1=CC=CC(Br)=C1,CC(=O)C,293.15,K,0.017033838
OC[C@H]1O[C@@H](OC2=CC3=C(C(=O)C(=CO3)C3=CC(O)=C(O)C=C3)C(O)=C2)[C@H](O)[C@@H](O)[C@@H]1O,CC(=O)C,291.15,K,-2.987228403
CC(C)(C)C(=O)OCOP(=O)(COCCN1C=NC2=C1N=CN=C2N)OCOC(=O)C(C)(C)C,CC(=O)C,298.14,K,-0.048751483
NC1=CC=C(C(O)=O)C(O)=C1,CC(=O)C,296.65,K,-0.059761557
CCCCCCCC(=O)N(C(=O)NC1=CC=C(C=C1)N(C)C)C1=CC=C(C=C1)N(C)C,CC(=O)C,293.15,K,-1.661214006
[H][C@](CC(C)C)(NC(C)=O)C(O)=O,CC(=O)C,298.15,K,-1.000531873
C\C=C\CCCCCCCC(=O)N(C(=O)NC1=CC=C(C=C1)N(C)C)C1=CC=C(C=C1)N(C)C,CC(=O)C,293.15,K,-2.008829226
OC(=O)CC1=CC=C(O)C=C1,CC(=O)C,298.15,K,0.584462402
OC(=O)C1=CC=CC=C1Br,CC(=O)C,293.15,K,0.158363452
[H][C@@](CCSC)(NC(C)=O)C(O)=O,CC(=O)C,298.15,K,0.188218301
OC1CCN2CC3=CC=CC=C3N=C12,CC(=O)C,298.15,K,-1.973656539
OCC1OC(OC2COC(OC12)C1=CC=CC=C1)C1=CC=CC=C1,CC(=O)C,290.15,K,-1.710176886
CC(O)(C1=CC=CC=C1)P1(=O)OCC(C)(C)CO1,CC(=O)C,298.34,K,-1.377944782
CC1=C(C(C)=C(C(C)=C1N(=O)=O)N(=O)=O)N(=O)=O,CC(=O)C,288.15,K,-1.503768559
OC1=C2C=CC=CC2=C(O)C(=C1)P1(=O)OC2=C(C=CC=C2CC2=CC=CC=C2)C2=C1C=CC=C2,CC(=O)C,293.15,K,-1.047799986
OC(=O)C=CC1=CC=CO1,CC(=O)C,297.98999999999995,K,0.105205217
C1C2CC3C4CC5CC(C14)C(C2)C3C5,CC(=O)C,303.14,K,-1.578606935
COC1=CC(\C=C\C(=O)C=C(O)\C=C\C2=CC=C(O)C(OC)=C2)=CC=C1O,CC(=O)C,298.15,K,-0.864231194
CO\N=C(\C(=O)OC)C1=CC=CC=C1COC1=C(C)C=CC=C1,CC(=O)C,293.15,K,-0.159574123
CC1=CC=C(C=C1)N(=O)=O,CC(=O)C,288.15,K,0.984337524
CC1=C(O)C(=CC(=C1)N(=O)=O)N(=O)=O,CC(=O)C,288.15,K,0.600506438
Cc1cc(O)c2C(=O)c3c(O)cc(O)c4C(=O)C(C)(C)c5cc(O)c1c2c5c34,c1ccccc1,293.15,K,-3.332075128
Oc1c(Cl)cc(Cl)c(Cl)c1Cc2c(O)c(Cl)cc(Cl)c2Cl,c1ccccc1,293.15,K,-0.885219291
OC(=O)c1cccc(c1)[N+]([O-])=O,c1ccccc1,298.15,K,-0.969402295
Cc1cc(O)ccc1N=Nc2ccccc2,c1ccccc1,303.15,K,-0.25369029
Cl[S](=O)(=O)c1cccc2c1cccc2[S](Cl)(=O)=O,c1ccccc1,293.15,K,-0.842909873
c1ccc(cc1)/N=N/c2ccc(cc2)O,c1ccccc1,303.15,K,-1.139808281
CCC\C=C\C(N)=O,c1ccccc1,293.15,K,-1.554882494
CCOc1ccc(NC(C)=O)cc1,c1ccccc1,298.15,K,-2.497966587
c1cc2cccc3c4cccc5cccc(c(c1)c23)c45,c1ccccc1,293.15,K,-2.031526213
CCC1=CC(N=Nc2ccccc2O)(C(O)C=C1)c3ccccc3,c1ccccc1,303.15,K,0.969157398
CCCCCCCCC(O)C(O)CCCCCCCC,c1ccccc1,298.15,K,-2.042149762
CCCc1ccc(O)cc1O,c1ccccc1,298.04999999999995,K,-0.757635078
C[C@]12CC[C@H]3[C@@H](CCc4cc(O)ccc34)[C@@H]1CCC2=O,c1ccccc1,303.15,K,-2.375512649
COc1cc(ccc1c2ccccc2)c3ccc(c(OC)c3)c4ccccc4,c1ccccc1,293.15,K,-1.221602711
CCCCCCCCCCC(N)=O,c1ccccc1,293.15,K,-1.757193026
c1ccc2c(c1)C(c3ccccc23)C4(C5c6ccccc6c7ccccc57)c8ccccc8c9ccccc49,c1ccccc1,293.15,K,-1.303584743
CC1OC(C)OC(C)OC(C)O1,c1ccccc1,296.15,K,-2.166856699
CC(=O)c1cccc(c1)N=Nc2cc(C)c(O)cc2C,c1ccccc1,303.15,K,-1.389230833
OC(=O)C1c2ccccc2Cc3ccccc13,c1ccccc1,288.15,K,-1.873628627
CCCCCCC/C=C/C(N)=O,c1ccccc1,293.15,K,-1.434809842
CCCCCCCC=CC(N)=O,c1ccccc1,293.15,K,0.028641502
Cc1ccc(NC(=Nc2ccc(C)cc2)n3c(Nc4ccc(C)cc4)nc5cc(C)ccc35)cc1,c1ccccc1,288.15,K,-1.719870244
O[C@H]([C@@H](O)c1ccccc1)c2ccccc2,c1ccccc1,298.15,K,-1.588474696
Cc1ccc2C(=O)c3ccccc3c4c2c1c5c(C)ccc6C(=O)c7ccccc7c4c56,c1ccccc1,296.15,K,-1.694205445
OC(=O)c1ccccc1Cl,c1ccccc1,288.15,K,-1.240463268
C1CN2CCN1CC2,c1ccccc1,298.15,K,0.600178204
Oc1ccccc1[N+]([O-])=O,c1ccccc1,298.15,K,0.701736567
CC1(C)C2CCC1(C)C(=O)C2C(=O)c3ccccc3,c1ccccc1,290.15,K,-0.23843404
ClC(c1ccccc1)(c2ccccc2)c3ccccc3,c1ccccc1,298.15,K,0.430728222
Nc1ccc2c(Cc3cc(Cl)ccc23)c1,c1ccccc1,291.15,K,-0.733732477
[O-][N+](=O)c1cc(c(\C=C\c2ccccc2)c(c1)[N+]([O-])=O)[N+]([O-])=O,c1ccccc1,293.15,K,-0.79967407
O=C1CCCCCCCCCCCN1,c1ccccc1,295.15,K,-0.916775407
Cl[C@@H]1[C@@H](Cl)[C@H](Cl)[C@@H](Cl)[C@H](Cl)[C@H]1Cl,c1ccccc1,293.15,K,-1.242384483
O=c5c1ccccc1c6c2ccccc2c7c(=O)c3ccccc3c8c4ccccc4c5c6c78,c1ccccc1,293.15,K,-3.840084003
O=C1CCCCCCCCN1,c1ccccc1,295.15,K,-0.465092002
BrC(SC#N)C(Br)SC#N,c1ccccc1,289.15,K,-1.085573957
O=C1CCC(=O)N1,c1ccccc1,293.15,K,-2.167031491
CCCCCC(C(O)=O)C(O)=O,c1ccccc1,298.15,K,-1.41487513
NC(=O)C(O)c1ccc(Cl)cc1,c1ccccc1,295.15,K,-2.625148694
ClC(Cl)(Cl)SN1C(=O)[C@H]2CC=CC[C@H]2C1=O,c1ccccc1,299.15,K,-1.149599259
COc1ccc2C[C@@H]3[C@@H]4CC[C@H](OC(C)=O)[C@@H]5Oc1c2[C@]45CCN3C,c1ccccc1,293.15,K,-0.634717957
CC1(C(=O)NC(=O)NC1=O)c2ccccc2,c1ccccc1,293.15,K,-3.183542592
OC(=O)CCCCCCCCCC(O)=O,c1ccccc1,298.15,K,-3.824304507
OC(c1ccccc1)(c2ccccc2)c3ccccc3,c1ccccc1,298.15,K,-0.255544509
ClCc1c(Br)cc(Br)cc1Br,c1ccccc1,293.15,K,-0.569895461
[O-][N+](=O)c1cccc(c1)C(=O)N=[N+]=[N-],c1ccccc1,293.15,K,-0.136980136
Oc1cccc2cccnc12,c1ccccc1,292.15,K,0.185868316
CC1=CC(=O)c2ccccc2C1=O,c1ccccc1,299.42999999999995,K,0.086426364
c1ccc2cc3ccccc3cc2c1,c1ccccc1,298.15,K,-1.038971067
COC1=CC(=O)C(=C2OC(=CC=C12)c3ccccc3)C,c1ccccc1,293.15,K,-1.685001954
C(=CC=CC=Cc1ccccc1)C=CC=Cc2ccccc2,c1ccccc1,292.15,K,-3.357021106
Oc1ccc(cc1)N=Nc2ccc(cc2)[N+]([O-])=O,c1ccccc1,303.15,K,-1.924984809
CCC(C)(C)c1ccc(O)c(c1)N=Nc2ccc(cc2)C(C)=O,c1ccccc1,303.15,K,-0.476427265
Oc1ccc(cc1)N=Nc2cccc(Cl)c2,c1ccccc1,303.15,K,-0.618733559
OC1(N(CCBr)C(=O)c2ccccc12)c3ccccc3,c1ccccc1,292.15,K,-1.624649091
CCCCC(CC)CC(CC)(CC)C(=O)NO,c1ccccc1,299.15,K,0.0
C[C@]12CCc3c(ccc4cc(O)ccc34)[C@@H]1CCC2=O,c1ccccc1,303.15,K,-2.368988937
O=C1CCCc2c1[nH]c3ccccc23,c1ccccc1,293.15,K,-0.768892997
c1ccc(cc1)C(c2ccccc2)(c3ccccc3)c4ccccc4,c1ccccc1,293.15,K,-1.602648604
[O-][N+](=O)c1ccc(c2c1cccc2[N+]([O-])=O)[N+]([O-])=O,c1ccccc1,288.15,K,-1.515356338
O[C@H]1C=Cc2ccccc2[C@@H]1O,c1ccccc1,296.15,K,-1.778654954
OC1=C(CCCC2CCCCC2)C(=O)c3ccccc3C1=O,c1ccccc1,293.15,K,-0.655228685
CCCC1(CCC)C(=O)NC(=O)NC1=O,c1ccccc1,293.15,K,-2.066774265
[O-][N+](=O)c1cccc2ccccc12,c1ccccc1,298.15,K,-0.324273039
COc1cc2N3[C@H]4[C@@H]5[C@H](CC3=O)OCC=C6CN7CC[C@]4([C@@H]7C[C@H]56)c2cc1OC,c1ccccc1,298.15,K,-1.374156545
Cl[C@H]1[C@H](Cl)[C@@H](Cl)c2ccccc2[C@@H]1Cl,c1ccccc1,293.15,K,-0.282011262
OC(=O)c1occc1,c1ccccc1,297.98999999999995,K,-0.97019916
Brc1ccc(Br)cc1,c1ccccc1,298.15,K,0.494044405
Nc1ccc(cc1)[N+]([O-])=O,c1ccccc1,298.15,K,-1.415999566
CC[C@]1(NC(=O)NC1=O)c2ccccc2,c1ccccc1,297.15,K,-3.009085289
Oc1ccc(cc1[N+]([O-])=O)[N+]([O-])=O,c1ccccc1,288.15,K,-0.51638858
Oc1ccc(cc1)N=Nc2ccccc2Cl,c1ccccc1,303.15,K,-0.24525747
CCC1CCCCC1OC(=O)c2ccccc2C(=O)O,c1ccccc1,290.15,K,-0.156504393
COc1ccccc1C(/C)=C\C(O)=O,c1ccccc1,294.15,K,-0.427467058
C[C@@H](C(O)=O)c1cccc2ccccc12,c1ccccc1,298.15,K,0.331421669
CCCCCCC(CCC)(CCC)C(=O)NO,c1ccccc1,299.15,K,-0.610830638
C[C@]12CC[C@H]3[C@@H](CCc4cc(O)ccc34)[C@@H]1CC[C@@H]2O,c1ccccc1,303.15,K,-2.760288511
CCCC(C(O)=O)C(O)=O,c1ccccc1,298.15,K,-2.506270568
CCCCCCCCCCCC(C(O)=O)C(O)=O,c1ccccc1,298.15,K,-3.326703008
CCCCCCCC=NNC(N)=O,c1ccccc1,293.15,K,-0.23841898
CCC1(C(=O)NC(=O)NC1=O)C2=CCCCC2,c1ccccc1,293.15,K,-1.955109128
ClCCN(CCCl)c1ccc2ccccc2c1,c1ccccc1,288.15,K,0.474653884
Cc1ccc(cc1)C(/C)=C/C(O)=O,c1ccccc1,293.15,K,-0.88856542
[O-][N+](=O)c1cc(c(C(=O)N=[N+]=[N-])c(c1)[N+]([O-])=O)[N+]([O-])=O,c1ccccc1,293.15,K,-1.507943623
Cc1cc(ccc1O)N=Nc2ccccc2,c1ccccc1,303.15,K,-0.497967732
Cc1c(C)c(C)c(C)c(C)c1C,c1ccccc1,293.15,K,-0.387229525
OC(=O)/C=C/c1occc1,c1ccccc1,292.15,K,-1.083361151
c1ccc2c(c1)cc(C(=O)O)c(=O)o2,CCO,293.15,K,-2.823897322
c1cc(cc(c1)[N+](=O)[O-])C(=O)O,CCO,298.15,K,0.408412743
CCC(C)C(C(=O)O)N,CCO,298.15,K,-2.493568977
c1cc(ccc1N)S(=O)(=O)NC(CO)(CO)CO,CCO,293.15,K,-1.482794438
c1ccc(cc1)C(=O)OCOC(=O)c1ccccc1,CCO,297.15,K,-1.113495321
c1ccc(cc1)COc1ccc(cc1)c1cc(COC(=O)N)on1,CCO,293.15,K,-2.334903897
Cc1ccc(cc1)OC(=O)NC(=O)N,CCO,291.15,K,-1.84106883
CC(C)C1CCC(C)C(C1)OC(=O)NC(=O)N,CCO,290.15,K,-2.026450829
CCC(=O)O[C@H]1CC[C@@]2(C)C(=CC[C@H]3[C@@H]4CC[C@H]([C@H](C)CCCC(C)C)[C@@]4(C)CC[C@H]23)C1,CCO,293.15,K,-2.044075036
c1(c(c(c(c(c1Cl)Cl)Cl)Cl)Cl)Cl,CCO,298.15,K,-3.627094614
CC1=C(CCC1(C)C)C(=O)O,CCO,288.15,K,0.134109574
c1cc2cccc3CCc(c1)c23,CCO,298.15,K,-1.971432302
C(CCCCC(=O)O)CCCC(=O)O,CCO,298.14,K,-0.482479538
c1cc(cnc1)C(=O)N,CCO,298.14,K,-0.096910013
Cc1cc(C)c(c(c1[N+](=O)[O-])[N+](=O)[O-])[N+](=O)[O-],CCO,293.15,K,-1.301321832
C=C(C)C1C/C(=N/Nc2ccccc2)/C(=C(C1)/N=N/c1ccccc1)C,CCO,291.15,K,-1.510299339
C1CCC2C(C1)C1CC2NC2CCCC(NC3CC(C4CCCCC34)NC3CCCC(N1)N3)N2,CCO,298.04999999999995,K,-2.505874587
C1CCC(C(C1)Cl)SC1CCCCC1Cl,CCO,298.15,K,-0.730356187
CC(C(C(=O)O)O)(C(=O)O)O,CCO,298.15,K,-1.199537073
c1ccnc(c1)NS(=O)(=O)c1ccc(cc1)N,CCO,294.15,K,-2.020133127
CCCCCCCCCC(=O)N(c1ccc(cc1)N(C)C)C(=O)Nc1ccc(cc1)N(C)C,CCO,293.15,K,-3.214442783
C(C(=O)O)n1cnnn1,CCO,298.21,K,0.183613807
c1ccc(cc1)CSSCc1ccccc1,CCO,299.53999999999996,K,-1.487020034
c1ccc(cc1)[C@@H]1OC[C@@H](CO1)OC(=O)c1ccc(cc1)Br,CCO,299.15,K,-1.861185401
c1ccc(cc1)Nc1ccc(cc1)/N=N/c1ccc(c2ccccc12)N(=O)=O,CCO,298.15,K,-2.614399475
CC(=O)Nc1ccc(cc1Cl)Cl,CCO,293.15,K,-0.790293243
CC[C@H](/C=C/[C@@H](C)[C@H]1CC[C@H]2[C@@H]3CC=C4C[C@H](CC[C@]4(C)[C@H]3CC[C@]12C)O)C(C)C,CCO,298.15,K,-0.78418759
C(c1c[nH]cn1)[C@@H](C(=O)O)N,CCO,298.04999999999995,K,-3.186447201
c1cc(cc(c1)[N+](=O)[O-])NC(=S)N,CCO,293.15,K,-0.692884357
CCCCCCCCCOC(=O)NC(=O)N,CCO,290.15,K,-2.283125892
CC(C)CC(C)(C)OC(=O)NC(=O)N,CCO,287.15,K,-1.342109292
Cc1ccc(cc1)N/C(=N/c1ccc(C)cc1)/n1c2ccc(C)cc2nc1Nc1ccc(C)cc1,CCO,289.15,K,-2.986980997
c1ccc(cc1)c1ccc(c(c1)O)[N+](=O)[O-],CCO,298.15,K,-1.218915059
COc1cc(ccc1O)c1cc(c2ccc(cc2)Cl)[nH]c(=O)c1C#N,CCO,298.14,K,-1.903076474
CC(=C1CC(=O)C(C)C(=O)C1)C,CCO,291.15,K,-0.402622421
COc1cc(Cc2cnc(N)nc2N)cc(c1OC)OC,CCO,297.94,K,-1.933439276
CC(C)(C)c1ccc(cc1)C(=O)NN(C)C,CCO,298.15,K,0.113018158
CCOC(=O)CSC1=N/C(=C\c2ccccc2)/C(=O)N1c1ccccc1,CCO,293.15,K,-2.075890678
C#CCSC[C@@H](C(=O)O)N,CCO,298.15,K,-2.840239779
CC1(C)C2CCC1(C)C(=NO)C2=NO,CCO,293.15,K,0.707192548
c1ccc(cc1)C(=C(c1ccccc1)c1ccccc1)c1ccccc1,CCO,293.15,K,-2.618629819
CN(C)c1ccc(cc1)C(=N)c1ccc(cc1)N(C)C,CCO,293.15,K,-0.582021133
c1cn([C@@H]2CS[C@H](CO)O2)c(=O)nc1N,CCO,298.15,K,-1.303423437
C[C@@H](Cc1ccccc1)N(O)N(O)[C@H](C)Cc2ccccc2,CCO,298.15,K,0.380203964
C[C@]12CCC=CC1=CC[C@@H]1[C@@H]2CC[C@]2(C)[C@H](CC[C@]12O)c1ccc(=O)oc1,CCO,293.15,K,-2.910861465
CCCCCC(=O)N(c1ccc(cc1)N(C)C)C(=O)Nc1ccc(cc1)N(C)C,CCO,293.15,K,-2.701037233
C(CC(=O)O)C(=O)O,CCO,293.15,K,-0.170645968
c1ccc2c(c1)c1NC3=CC=CC(=Nc4c5ccccc5c([nH]4)N=c4c5ccccc5c(=Nc2[nH]1)[nH]4)C3,CCO,298.15,K,-0.420217749
CC(=O)Oc1ccc(cc1C(=O)O)n1nc2ccccc2n1,CCO,298.15,K,-2.05739504
CC(CO)[C@H](C(=O)N[C@@H]1C2CC[C@@](C)([C@@H]1O)C2(C)C)O,CCO,293.15,K,-0.362324399
C(C(=O)O)C(CC(=O)O)(C(=O)O)O,CCO,298.15,K,0.390786338
C(CCCCCNCCCCCCCN)CCCCC(=O)O,CCO,293.15,K,-1.383693868
CCn1cc(c(=O)c2cc3c(cc12)OCO3)C(=O)O,CCO,298.15,K,-1.850758304
c1cc(ccc1[C@H](C(=O)O)N)O,CCO,298.37,K,-3.793469596
c1ccc(c(c1)C(=O)O)Nc1cccc(c1)C(F)(F)F,CCO,288.15,K,-0.098819806
CC(C)c1cc(c(C)c(c1)N)N,CCO,298.15,K,-1.443202012
CCCCC(C(=O)[O-])[NH3+],CCO,298.15,K,-2.984312165
CCC(=Cc1ccco1)C=NNC(=O)N,CCO,295.15,K,-1.586482533
C=CC(CC)OC(=O)NC(=O)N,CCO,291.15,K,-1.015884705
C(CS(=O)(=O)CCCl)Cl,CCO,293.15,K,-0.429952338
CC(=C(c1ccccc1)O)C(=O)c1ccccc1,CCO,293.15,K,-1.289524726
CC(C)[C@@H](C)/C=C/[C@@H](C)[C@H]1CC[C@H]2/C(=C/C=C\3/C[C@H](CCC3=C)O)/CCC[C@]12C,CCO,299.15,K,-0.151257092
c1ccc(cc1)C(c1ccccc1)(C(c1ccccc1)(c1ccccc1)O)O,CCO,298.15,K,-2.484844146
CCn1cc(c(=O)c2ccc(C)nc12)C(=O)O,CCO,298.15,K,-2.450014266
CCOC(=O)C(c1ccccc1)SC1=NC(=Cc2ccccc2)C(=O)N1c1ccccc1,CCO,293.15,K,-2.24801056
C1CC1n1cc(c(=O)c2cc(c(cc12)N1CCNCC1)F)C(=O)O,CCO,298.14,K,-3.757007927
CC(C)CCC1(CCO)C(=O)NC(=S)NC1=O,CCO,298.15,K,-0.277383831
CCOC(=O)NC(C)(C(=O)O)NC(=O)OCC,CCO,293.15,K,0.626228979
c1ccc2c(c1)c1CCCC(=O)c1[nH]2,CCO,293.15,K,-0.990246259
CC1(C)C2CC[C@@]1(C)C(=O)/C/2=C(/c1ccccc1)\O,CCO,290.15,K,-0.983952847
c1ccc2c(c1)c1=NC3=CC=CC(=Nc4c5ccccc5c(N=C5C=CC=C(C5)N=c2[nH]1)[nH]4)C3,CCO,298.15,K,0.160128574
c1cc(ccc1C=CC(=O)CC(=O)C=Cc1ccc(cc1)O)O,CCO,293.15,K,-0.764745547
CCCCCCCCCCCCCCCc1cccc(c1)O,CCO,297.53999999999996,K,0.591476024
c1cc(c(c(c1)Cl)Cl)c1c(N)nc(N)nn1,CCO,298.19,K,-1.848997955
CCCCCCCCCCCCCCCC(=O)OCC(CO)O,CCO,298.15,K,-0.907458668
COc1cc(/C=C/CO)cc(c1O[C@H]1[C@@H]([C@H]([C@@H]([C@@H](CO)O1)O)O)O)OC,CCO,293.15,K,-2.071674923
c1cc(I)oc1C=O,CCO,293.15,K,-0.869196505
c1ccc(cc1)N=Nc1ccc(cc1)N(c1ccccc1)c1ccccc1,CCO,298.15,K,-0.714448841
c1cc(ccc1Cl)NC(=S)NNC(=O)c1ccncc1,CCO,298.14,K,-3.955554542
CCCCCCCCCCCCCCCC(=O)OC(=O)CCCCCCCCCCCCCCC,CCO,293.15,K,-2.439194048
CC(C)CC(C)OC(=O)NC(=O)N,CCO,289.65,K,-1.815289433
CCCCCCCCCCCCCCCCCC(=O)OCCO,CCO,298.15,K,-0.999204807
CCCCCCCC[C@@H]([C@H](CCCCCCCCCCCC(=O)O)O)N(=O)=O,CCO,291.15,K,-0.049896619
CC(C)OC(=O)NC(=O)N,CCO,289.15,K,-1.253629325
CC(C)CC(C(=O)O)N,CCO,298.15,K,-2.977971986
CCCCCCCCCCCCOC(=O)c1cc(c(c(c1)O)O)O,CCO,293.15,K,0.169483185
COc1cc2c(cc1OC)N1C(=O)C[C@H]3[C@@H]4[C@H]5C[C@H]6[C@]2(CCN6CC5=CCO3)[C@@H]14,CCO,298.15,K,0.227894327
C=CCc1ccc(c(c1)OC)OCCSCCOc1ccc(CC=C)cc1OC,CCO,291.15,K,-2.617593681
C=CCNC(=S)NNc1ccc(cc1)[N+](=O)[O-],CCO,298.15,K,-0.886966081
c1cc(c(cc1[N+](=O)[O-])C(=O)O)N,CCO,291.15,K,-1.114267759
CCCCC(=O)O[C@H]1CC[C@@]2(C)C(=CC[C@H]3[C@@H]4CC[C@H]([C@H](C)CCCC(C)C)[C@@]4(C)CC[C@H]23)C1,CCO,293.15,K,-2.070758013
CC(C)C1=CC[C@H]2C(=C1)CC[C@@H]1[C@]2(C)CCC[C@@]1(C)C(=O)O,CCO,293.15,K,-1.70251239
c1ccc(cc1)N(c1ccccc1)c1ccc(cc1)/N=N/c1ccc(cc1)N(=O)=O,CCO,298.15,K,-2.221129619
CC(C)(C)S(=O)(=O)C(C)(C)C,CCO,293.15,K,-0.044315724
C1[C@H]([C@@H]([C@H](C(O)O1)O)O)O,CCO,298.15,K,-1.245804519
CCCCCCCCCCCCCCCC(=O)NN,CCO,292.15,K,-2.475452859
C([C@@H]1[C@H]([C@@H]([C@H]([C@@H](O1)O[N+](=O)[O-])O[N+](=O)[O-])O[N+](=O)[O-])O[N+](=O)[O-])O[N+](=O)[O-],CCO,293.15,K,-1.102460505
C(=C\C(=O)O)/C=C/C(=O)O,CCO,298.15,K,-2.000113088
c1cc(c(cc1[N+](=O)[O-])[N+](=O)[O-])Oc1c(cc(cc1[N+](=O)[O-])[N+](=O)[O-])[N+](=O)[O-],CCO,296.15,K,-1.928721723
CCCCCCCCCCCCCCCCC1C(=O)N=C(N)S1,CCO,298.15,K,-3.68711345
c1ccc(c(c1)C(=O)NO)/N=C/c1ccccn1,CCO,293.15,K,-1.537367482
CCOC(=O)c1ccc(cc1C)NC(=O)C,CCO,293.15,K,-0.493410444
CC(C)(CO)[C@H](C(=O)NCCC(=O)NCCSC(=O)c1ccccc1)O,CCO,293.15,K,-0.468666514
CC(C)CCCOC(=O)NC(=O)N,CCO,287.15,K,-1.601661013
CCC(=O)NCCNC(=O)CC,CCO,298.15,K,-0.09622215
c1ccc(c(c1)Cl)Nc1ccc(cc1N)Cl,CCO,293.15,K,-1.801285343
Cc1cc(c(C)c(c1C(=O)OC)O)O,CCO,293.14,K,0.205744016
Cc1cc(=O)n(c2ccccc2)n1C,CCO,295.15,K,0.492373776
c1cnccc1C(=O)N,CCO,298.15,K,-0.241710093
COC(=O)c1ccccc1O[C@H]1[C@@H]([C@H]([C@@H]([C@@H](CO[C@H]2[C@@H]([C@H]([C@@H](CO2)O)O)O)O1)O)O)O,CCO,292.15,K,-2.157324451
C1N2CN3CN1CN(C2)C3,CCO,293.15,K,-0.788570894
CC(=O)N(c1ccc(cc1)N(C)C)C(=O)Nc1ccc(cc1)N(C)C,CCO,293.15,K,-2.593386658
C1COC(=O)CO1,CCO,288.34999999999997,K,0.845689016
C1(C(Cl)(Cl)Cl)OC(C(Cl)(Cl)Cl)OC(C(Cl)(Cl)Cl)O1,CCO,298.15,K,-1.955388283
c1ccc(cc1)C(=O)/C=C/c1ccc(cc1)[N+](=O)[O-],CCO,299.15,K,-2.312598381
c1cc(Br)oc1C=O,CCO,293.15,K,-0.544023372
c1cc(ccc1S(=O)(=O)N)S(=O)(=O)N,CCO,298.15,K,-1.771354104
CC(C)(C)C(=O)OCOP(=O)(COCCn1cnc2c(N)ncnc12)OCOC(=O)C(C)(C)C,CCO,298.14,K,-0.233704444
C1CCC2C(C1)C1CC2NC2CCCC(NC3CC(C4CCCCC34)NC3CCCC(C3)N1)N2,CCO,293.15,K,-2.756964929
CCCCCC1(CCO)C(=O)NC(=S)NC1=O,CCO,298.15,K,-0.128941292
CCCCCCCCCCCCCC(=O)NO,CCO,299.15,K,-1.0
Cc1cc(cc(c1OCC(=O)Nc1ccccc1)Cl)Cl,CCO,298.15,K,-0.973099852
Cc1ccc(cc1)S(=O)(=O)NNC(=O)C(c1ccccc1)(c1ccccc1)O,CCO,294.15,K,-1.457699002
Cn1cnc2c1c(=O)[nH]c(=O)n2C,CCO,294.15,K,-2.602460323
c1ccc2c(c1)ccc1ccccc21,CCO,298.15,K,-1.9531226
CCCCCCCCCCCCC(=O)N(c1ccc(cc1)N(C)C)C(=O)Nc1ccc(cc1)N(C)C,CCO,291.15,K,-3.279386998
c1ccc(cc1)N(c1ccccc1)c1ccc(cc1)/N=N/c1ccc(cc1N(=O)=O)N(=O)=O,CCO,298.15,K,-3.22184875
C1C/C(=N\O)/C(=N/NC(=S)N)/C(=N/O)/C1,CCO,298.15,K,-2.065867745
c1cnccc1C(=O)N/N=C/[C@H]([C@@H]1[C@@H]([C@@H](C(=O)O1)O)O)O,CCO,294.15,K,-2.0552195
Cc1ccc(cc1)[N+](=O)[O-],CCO,288.15,K,-0.140235068
c1ccc(cc1)c1ccccc1,CCO,298.15,K,-0.227885089
Cc1ccc2c(c1)nc(Nc1ccccc1)[nH]2,CCO,288.15,K,-0.438764661
