solute_smiles,solvent_smiles,temperature,solubility (mg/mL),tested_logS [mol/L],tested_logS_valid,pred_seed42,pred_seed0,pred_seed2
OB(C1=CC=CC=C1)O,O,298.15,10,-1.086110574,-1.086110574,-0.0120698036625981,-0.3855087161064148,-0.6156772971153259
OB(C1=CC=CC=C1)O,CO,298.15,178,0.164309429,0.164309429,1.0229462385177612,0.9339014887809752,0.9618513584136964
OB(C1=CC=CC=C1)O,CCO,298.15,428,0.545333195,0.545333195,0.8600713610649109,0.7700942754745483,0.8103664517402649
OB(C1=CC=CC=C1)O,CC(C)O,298.15,252,0.315289967,0.315289967,0.6381242871284485,0.6472142934799194,0.6869868040084839
OB(C1=CC=CC=C1)O,CCOC(=O)C,298.15,238,0.290466383,0.290466383,0.5641112923622131,0.3860056102275848,0.48476642370224
OB(C1=CC=CC=C1)O,C1CCOC1,298.15,360,0.470191927,0.470191927,0.9093188047409058,0.911765158176422,0.9244269132614136
OB(C1=CC=CC=C1)O,CS(=O)C,298.15,537,0.643863712,0.643863712,1.2768757343292236,1.007904052734375,1.0216883420944214
OB(C1=CC=CC=C1)O,CC#N,298.15,106,-0.060804709,-0.060804709,0.6659101247787476,0.4370719790458679,0.4976723790168762
OB(C1=CC=CC=C1)O,C1COCCO1,298.15,374,0.486761028,0.486761028,0.789699137210846,0.6722094416618347,0.7376474142074585
OB(C1=CC=CC=C1)O,CN(C)C=O,298.15,502,0.614593143,0.614593143,1.1237019300460815,1.1320427656173706,0.9980376362800598
O=C1C(O)C(O)[C@@H]([C@@H](O)CO)O1,O,298.15,154,-0.063240727,-0.063240727,0.8287931680679321,0.8405408263206482,0.6079144477844238
O=C1C(O)C(O)[C@@H]([C@@H](O)CO)O1,CO,298.15,43,-0.617292992,-0.617292992,-0.4052343368530273,-0.6901086568832397,-0.8024111390113831
O=C1C(O)C(O)[C@@H]([C@@H](O)CO)O1,CCO,298.15,25,-0.852821439,-0.852821439,-1.1949193477630615,-1.6099658012390137,-1.6910762786865234
O=C1C(O)C(O)[C@@H]([C@@H](O)CO)O1,CC(C)O,298.15,23,-0.889033612,-0.889033612,-1.7740943431854248,-1.8370089530944824,-2.268500328063965
O=C1C(O)C(O)[C@@H]([C@@H](O)CO)O1,CCOC(=O)C,298.15,<1,#VALUE!,,-2.601902723312378,-2.263937473297119,-2.9154915809631348
O=C1C(O)C(O)[C@@H]([C@@H](O)CO)O1,C1CCOC1,298.15,16,-1.046641465,-1.046641465,-1.2312448024749756,-0.7876503467559814,-2.1336212158203125
O=C1C(O)C(O)[C@@H]([C@@H](O)CO)O1,CS(=O)C,298.15,32,-0.74561147,-0.74561147,0.4292972683906555,0.3326706290245056,0.5722783803939819
O=C1C(O)C(O)[C@@H]([C@@H](O)CO)O1,CC#N,298.15,15,-1.074670189,-1.074670189,-2.483003616333008,-2.136019706726074,-2.761322259902954
O=C1C(O)C(O)[C@@H]([C@@H](O)CO)O1,C1COCCO1,298.15,12,-1.171580202,-1.171580202,-1.5336518287658691,-1.513111591339111,-1.854842185974121
O=C1C(O)C(O)[C@@H]([C@@H](O)CO)O1,CN(C)C=O,298.15,57,-0.494886592,-0.494886592,0.2426137030124664,0.1840617358684539,-0.1341806352138519
C=CC(N)=O,O,298.15,395,0.744849676,0.744849676,1.0097955465316772,0.9751055836677552,0.7149472832679749
C=CC(N)=O,CO,298.15,196,0.440508652,0.440508652,0.773960292339325,0.7628310322761536,0.5847387909889221
C=CC(N)=O,CCO,298.15,109,0.185679079,0.185679079,0.3376292586326599,0.4060648083686828,0.2483896613121032
C=CC(N)=O,CC(C)O,298.15,225,0.500435099,0.500435099,0.0096028130501508,0.1130925938487052,-0.1378717422485351
C=CC(N)=O,CCOC(=O)C,298.15,145,0.309620583,0.309620583,-0.3199291527271271,-0.2738690078258514,-0.2512457966804504
C=CC(N)=O,C1CCOC1,298.15,213,0.476632184,0.476632184,0.2914964854717254,0.5786494612693787,0.0639766529202461
C=CC(N)=O,CS(=O)C,298.15,929,1.116268295,1.116268295,0.8326660394668579,0.8679320216178894,0.8227919340133667
C=CC(N)=O,CC#N,298.15,142,0.300540925,0.300540925,0.0626226142048835,0.0925473421812057,0.1104092746973037
C=CC(N)=O,C1COCCO1,298.15,243,0.533858854,0.533858854,0.121743269264698,-0.156615525484085,-0.1582903861999511
C=CC(N)=O,CN(C)C=O,298.15,850,1.077671507,1.077671507,0.7147459387779236,1.076116919517517,0.8583514094352722
C[C@@H](O)[C@H](N)C(O)=O,O,298.15,86,-0.141486234,-0.141486234,-0.2066930383443832,0.4617264866828918,-0.1208169609308242
C[C@@H](O)[C@H](N)C(O)=O,CO,298.15,12,-0.996803439,-0.996803439,-2.8341917991638184,-1.7395986318588257,-2.2891063690185547
C[C@@H](O)[C@H](N)C(O)=O,CCO,298.15,<1,#VALUE!,,-3.6484029293060303,-2.886507749557495,-3.196516513824463
C[C@@H](O)[C@H](N)C(O)=O,CC(C)O,298.15,<1,#VALUE!,,-4.064120769500732,-3.3629157543182373,-3.6274025440216064
C[C@@H](O)[C@H](N)C(O)=O,CCOC(=O)C,298.15,<1,#VALUE!,,-3.664536237716675,-2.9239630699157715,-3.250417947769165
C[C@@H](O)[C@H](N)C(O)=O,C1CCOC1,298.15,<1,#VALUE!,,-3.48156476020813,-2.37570858001709,-3.296030282974243
C[C@@H](O)[C@H](N)C(O)=O,CS(=O)C,298.15,<1,#VALUE!,,-1.8058736324310305,-1.3883414268493652,-1.1417452096939087
C[C@@H](O)[C@H](N)C(O)=O,CC#N,298.15,7,-1.230886645,-1.230886645,-3.6623611450195312,-3.0074338912963867,-3.4081063270568848
C[C@@H](O)[C@H](N)C(O)=O,C1COCCO1,298.15,<1,#VALUE!,,-3.355548620223999,-2.672548055648804,-3.119301080703736
C[C@@H](O)[C@H](N)C(O)=O,CN(C)C=O,298.15,<1,#VALUE!,,-2.213179588317871,-1.2520952224731443,-1.8627549409866333
OC1=CC=CC2=C1N=CC=C2,O,298.15,<1,#VALUE!,,-2.100482702255249,-1.797388195991516,-1.8037176132202148
OC1=CC=CC2=C1N=CC=C2,CO,298.15,119,-0.086299998,-0.086299998,0.0960674732923507,-0.0318157002329826,0.2515330016613006
OC1=CC=CC2=C1N=CC=C2,CCO,298.15,74,-0.29261524,-0.29261524,0.0464137196540832,-0.0747057199478149,0.1707755625247955
OC1=CC=CC2=C1N=CC=C2,CC(C)O,298.15,<1,#VALUE!,,-0.0997303575277328,-0.1658457219600677,0.0099704880267381
OC1=CC=CC2=C1N=CC=C2,CCOC(=O)C,298.15,180,0.093425546,0.093425546,-0.1671076714992523,-0.0636576116085052,0.0570199452340602
OC1=CC=CC2=C1N=CC=C2,C1CCOC1,298.15,464,0.504671021,0.504671021,0.3692048490047455,-0.0827144235372543,0.3864296972751617
OC1=CC=CC2=C1N=CC=C2,CS(=O)C,298.15,404,0.444534406,0.444534406,-0.2580462098121643,0.441481351852417,0.1825564354658126
OC1=CC=CC2=C1N=CC=C2,CC#N,298.15,101,-0.157525586,-0.157525586,-0.215909942984581,-0.0547297522425651,-0.2608085572719574
OC1=CC=CC2=C1N=CC=C2,C1COCCO1,298.15,385,0.42361377,0.42361377,0.2411395907402038,-0.4772709608078003,-0.3638341426849365
OC1=CC=CC2=C1N=CC=C2,CN(C)C=O,298.15,589,0.608268335,0.608268335,0.2119006961584091,0.5351324081420898,0.2772699892520904
O=C1C2=C(C=CC(Cl)=C2)SC3=CC=CC=C31,O,298.15,<1,#VALUE!,,-4.682174205780029,-4.202519416809082,-3.913726091384888
O=C1C2=C(C=CC(Cl)=C2)SC3=CC=CC=C31,CO,298.15,<1,#VALUE!,,-2.251270055770874,-2.024702310562134,-2.29357647895813
O=C1C2=C(C=CC(Cl)=C2)SC3=CC=CC=C31,CCO,298.15,<1,#VALUE!,,-2.155439138412476,-1.9411375522613523,-2.1020994186401367
O=C1C2=C(C=CC(Cl)=C2)SC3=CC=CC=C31,CC(C)O,298.15,<1,#VALUE!,,-2.2574095726013184,-1.9170249700546265,-2.122730493545532
O=C1C2=C(C=CC(Cl)=C2)SC3=CC=CC=C31,CCOC(=O)C,298.15,9,-1.437944244,-1.437944244,-1.1173828840255735,-1.0321000814437866,-1.3067978620529177
O=C1C2=C(C=CC(Cl)=C2)SC3=CC=CC=C31,C1CCOC1,298.15,40,-0.790126762,-0.790126762,-0.8951985836029053,-0.9238457679748536,-0.9773237705230712
O=C1C2=C(C=CC(Cl)=C2)SC3=CC=CC=C31,CS(=O)C,298.15,2,-2.091156758,-2.091156758,-0.8781282901763916,-1.1082971096038818,-1.2965977191925049
O=C1C2=C(C=CC(Cl)=C2)SC3=CC=CC=C31,CC#N,298.15,4,-1.790126762,-1.790126762,-1.64159893989563,-1.7603319883346558,-1.8187991380691528
O=C1C2=C(C=CC(Cl)=C2)SC3=CC=CC=C31,C1COCCO1,298.15,46,-0.729428922,-0.729428922,-0.8673319220542908,-0.8745940327644348,-1.3373689651489258
O=C1C2=C(C=CC(Cl)=C2)SC3=CC=CC=C31,CN(C)C=O,298.15,9,-1.437944244,-1.437944244,-0.8529422283172607,-1.205036997795105,-1.1883842945098877
O=C(CC1)N(Br)C1=O,O,298.15,15,-1.074304344,-1.074304344,-1.327272653579712,0.1207206547260284,-1.1728872060775757
O=C(CC1)N(Br)C1=O,CO,298.15,23,-0.888667767,-0.888667767,-0.104458637535572,0.2691962718963623,0.7254427671432495
O=C(CC1)N(Br)C1=O,CCO,298.15,72,-0.393063107,-0.393063107,-0.3865779638290405,0.0570860132575035,0.524498701095581
O=C(CC1)N(Br)C1=O,CC(C)O,298.15,21,-0.928176308,-0.928176308,-0.6636855006217957,-0.1100738793611526,0.2150366306304931
O=C(CC1)N(Br)C1=O,CCOC(=O)C,298.15,18,-0.995123098,-0.995123098,0.1273682117462158,0.3178249597549438,-0.0373473614454269
O=C(CC1)N(Br)C1=O,C1CCOC1,298.15,367,0.314270461,0.314270461,0.636118471622467,0.6412945985794067,0.399239718914032
O=C(CC1)N(Br)C1=O,CS(=O)C,298.15,768,0.634965617,0.634965617,0.8775765299797058,0.6100293397903442,0.7579490542411804
O=C(CC1)N(Br)C1=O,CC#N,298.15,129,-0.139805893,-0.139805893,0.618598222732544,0.5016074180603027,0.4871733784675598
O=C(CC1)N(Br)C1=O,C1COCCO1,298.15,198,0.046269587,0.046269587,0.3924808502197265,0.4578220248222351,0.3433137536048889
O=C(CC1)N(Br)C1=O,CN(C)C=O,298.15,601,0.528478869,0.528478869,0.7341529726982117,0.6899732351303101,0.5798446536064148
O=CC=P(C1=CC=CC=C1)(C2=CC=CC=C2)C3=CC=CC=C3,O,298.15,<1,#VALUE!,,-3.1012582778930664,-4.885593414306641,-3.5856261253356934
O=CC=P(C1=CC=CC=C1)(C2=CC=CC=C2)C3=CC=CC=C3,CO,298.15,560,0.264843261,0.264843261,-0.8457030653953552,-0.8636717200279236,-1.411037564277649
O=CC=P(C1=CC=CC=C1)(C2=CC=CC=C2)C3=CC=CC=C3,CCO,298.15,293,-0.016477146,-0.016477146,-1.0376485586166382,-0.8710914850234985,-1.4172117710113523
O=CC=P(C1=CC=CC=C1)(C2=CC=CC=C2)C3=CC=CC=C3,CC(C)O,298.15,82,-0.569530914,-0.569530914,-1.207763910293579,-0.9231157302856444,-1.6374744176864624
O=CC=P(C1=CC=CC=C1)(C2=CC=CC=C2)C3=CC=CC=C3,CCOC(=O)C,298.15,425,0.145044164,0.145044164,-0.6621196269989014,-0.3592549562454223,-0.7993309497833252
O=CC=P(C1=CC=CC=C1)(C2=CC=CC=C2)C3=CC=CC=C3,C1CCOC1,298.15,22,-1.140922085,-1.140922085,-0.0906745940446853,-0.0870506465435028,-0.1140158772468566
O=CC=P(C1=CC=CC=C1)(C2=CC=CC=C2)C3=CC=CC=C3,CS(=O)C,298.15,163,-0.271157162,-0.271157162,-0.1195515170693397,-0.4639794826507568,-0.8547638058662415
O=CC=P(C1=CC=CC=C1)(C2=CC=CC=C2)C3=CC=CC=C3,CC#N,298.15,19,-1.204591165,-1.204591165,-0.8314929008483887,-0.9134194850921632,-1.0710405111312866
O=CC=P(C1=CC=CC=C1)(C2=CC=CC=C2)C3=CC=CC=C3,C1COCCO1,298.15,14,-1.33721673,-1.33721673,-0.2138295769691467,-0.1566652953624725,-0.4478451013565063
O=CC=P(C1=CC=CC=C1)(C2=CC=CC=C2)C3=CC=CC=C3,CN(C)C=O,298.15,135,-0.353010998,-0.353010998,0.0593880265951156,0.1702909171581268,-0.4250388145446777
NC(N)=S,O,298.15,152,0.300344808,0.300344808,0.3023782670497894,0.5556334853172302,0.554639995098114
NC(N)=S,CO,298.15,141,0.267720333,0.267720333,0.0948003381490707,0.290742814540863,0.2061866223812103
NC(N)=S,CCO,298.15,136,0.252040129,0.252040129,-0.2632197439670563,-0.2056063562631607,-0.1846196502447128
NC(N)=S,CC(C)O,298.15,113,0.171579664,0.171579664,-0.5796200037002563,-0.4871158003807068,-0.4477130472660064
NC(N)=S,CCOC(=O)C,298.15,17,-0.651049858,-0.651049858,-0.5929330587387085,-0.5923001766204834,-0.5148828625679016
NC(N)=S,C1CCOC1,298.15,<1,#VALUE!,,0.0525552928447723,-0.0868872627615928,-0.0920312628149986
NC(N)=S,CS(=O)C,298.15,362,0.677209791,0.677209791,0.8955659866333008,0.3506770431995392,0.4926155209541321
NC(N)=S,CC#N,298.15,11,-0.840106094,-0.840106094,-0.2862558662891388,-0.3843421936035156,-0.2894601821899414
NC(N)=S,C1COCCO1,298.15,<1,#VALUE!,,-0.2038504630327224,-0.3788582980632782,-0.3189947009086609
NC(N)=S,CN(C)C=O,298.15,474,0.794279562,0.794279562,0.541741132736206,0.2360968291759491,0.3747802376747131
C12=CC=CC=C1C=C3C(C=CC=C3)=C2,O,298.15,<1,#VALUE!,,-3.778511285781861,-2.1690239906311035,-1.6591476202011108
C12=CC=CC=C1C=C3C(C=CC=C3)=C2,CO,298.15,3,-1.773859552,-1.773859552,-1.0806918144226074,-1.5377285480499268,-1.1777923107147217
C12=CC=CC=C1C=C3C(C=CC=C3)=C2,CCO,298.15,<1,#VALUE!,,-1.0052276849746704,-1.215062141418457,-0.9381053447723388
C12=CC=CC=C1C=C3C(C=CC=C3)=C2,CC(C)O,298.15,11,-1.209588122,-1.209588122,-1.0044859647750854,-1.0291666984558103,-0.9218104481697084
C12=CC=CC=C1C=C3C(C=CC=C3)=C2,CCOC(=O)C,298.15,9,-1.296738298,-1.296738298,-0.0948353931307792,-0.171534463763237,0.0174598786979913
C12=CC=CC=C1C=C3C(C=CC=C3)=C2,C1CCOC1,298.15,15,-1.074889548,-1.074889548,0.2037669271230697,-0.1518453508615493,0.6002641916275024
C12=CC=CC=C1C=C3C(C=CC=C3)=C2,CS(=O)C,298.15,<1,#VALUE!,,-0.9811183214187622,-1.0093683004379272,-0.1438920944929123
C12=CC=CC=C1C=C3C(C=CC=C3)=C2,CC#N,298.15,3,-1.773859552,-1.773859552,-0.3002373874187469,-0.6890107989311218,-0.4990063011646271
C12=CC=CC=C1C=C3C(C=CC=C3)=C2,C1COCCO1,298.15,<1,#VALUE!,,0.1383646726608276,-0.169550284743309,0.3330782055854797
C12=CC=CC=C1C=C3C(C=CC=C3)=C2,CN(C)C=O,298.15,<1,#VALUE!,,-0.4909972250461578,-1.0666096210479736,0.1928694248199463
