solute_smiles,solvent_smiles,temperature,solubility (mg/mL),tested_logS [mol/L],tested_logS_valid,pred_fastsolv
OB(C1=CC=CC=C1)O,O,298.15,10,-1.086110574,-1.086110574,0.24505733
OB(C1=CC=CC=C1)O,CO,298.15,178,0.164309429,0.164309429,0.84139717
OB(C1=CC=CC=C1)O,CCO,298.15,428,0.545333195,0.545333195,0.6277426
OB(C1=CC=CC=C1)O,CC(C)O,298.15,252,0.315289967,0.315289967,0.40970504
OB(C1=CC=CC=C1)O,CCOC(=O)C,298.15,238,0.290466383,0.290466383,0.12355895
OB(C1=CC=CC=C1)O,C1CCOC1,298.15,360,0.470191927,0.470191927,0.7675747
OB(C1=CC=CC=C1)O,CS(=O)C,298.15,537,0.643863712,0.643863712,0.8270166
OB(C1=CC=CC=C1)O,CC#N,298.15,106,-0.060804709,-0.060804709,0.113728896
OB(C1=CC=CC=C1)O,C1COCCO1,298.15,374,0.486761028,0.486761028,0.45543504
OB(C1=CC=CC=C1)O,CN(C)C=O,298.15,502,0.614593143,0.614593143,0.69800293
O=C1C(O)C(O)[C@@H]([C@@H](O)CO)O1,O,298.15,154,-0.063240727,-0.063240727,-1.2795408
O=C1C(O)C(O)[C@@H]([C@@H](O)CO)O1,CO,298.15,43,-0.617292992,-0.617292992,-0.5135822
O=C1C(O)C(O)[C@@H]([C@@H](O)CO)O1,CCO,298.15,25,-0.852821439,-0.852821439,-1.1487436
O=C1C(O)C(O)[C@@H]([C@@H](O)CO)O1,CC(C)O,298.15,23,-0.889033612,-0.889033612,-1.6833086
O=C1C(O)C(O)[C@@H]([C@@H](O)CO)O1,CCOC(=O)C,298.15,<1,#VALUE!,,-2.2435184
O=C1C(O)C(O)[C@@H]([C@@H](O)CO)O1,C1CCOC1,298.15,16,-1.046641465,-1.046641465,-1.2907642
O=C1C(O)C(O)[C@@H]([C@@H](O)CO)O1,CS(=O)C,298.15,32,-0.74561147,-0.74561147,-0.121660665
O=C1C(O)C(O)[C@@H]([C@@H](O)CO)O1,CC#N,298.15,15,-1.074670189,-1.074670189,-1.9581417
O=C1C(O)C(O)[C@@H]([C@@H](O)CO)O1,C1COCCO1,298.15,12,-1.171580202,-1.171580202,-1.268844
O=C1C(O)C(O)[C@@H]([C@@H](O)CO)O1,CN(C)C=O,298.15,57,-0.494886592,-0.494886592,0.32159317
C=CC(N)=O,O,298.15,395,0.744849676,0.744849676,-1.3233755
C=CC(N)=O,CO,298.15,196,0.440508652,0.440508652,-0.8444588
C=CC(N)=O,CCO,298.15,109,0.185679079,0.185679079,-1.2481542
C=CC(N)=O,CC(C)O,298.15,225,0.500435099,0.500435099,-1.5414248
C=CC(N)=O,CCOC(=O)C,298.15,145,0.309620583,0.309620583,-1.7819573
C=CC(N)=O,C1CCOC1,298.15,213,0.476632184,0.476632184,-1.087674
C=CC(N)=O,CS(=O)C,298.15,929,1.116268295,1.116268295,-0.8215867
C=CC(N)=O,CC#N,298.15,142,0.300540925,0.300540925,-1.7112648
C=CC(N)=O,C1COCCO1,298.15,243,0.533858854,0.533858854,-1.3760452
C=CC(N)=O,CN(C)C=O,298.15,850,1.077671507,1.077671507,-0.994883
C[C@@H](O)[C@H](N)C(O)=O,O,298.15,86,-0.141486234,-0.141486234,-3.141223
C[C@@H](O)[C@H](N)C(O)=O,CO,298.15,12,-0.996803439,-0.996803439,-3.0390673
C[C@@H](O)[C@H](N)C(O)=O,CCO,298.15,<1,#VALUE!,,-3.7249434
C[C@@H](O)[C@H](N)C(O)=O,CC(C)O,298.15,<1,#VALUE!,,-4.33343
C[C@@H](O)[C@H](N)C(O)=O,CCOC(=O)C,298.15,<1,#VALUE!,,-3.696155
C[C@@H](O)[C@H](N)C(O)=O,C1CCOC1,298.15,<1,#VALUE!,,-3.169256
C[C@@H](O)[C@H](N)C(O)=O,CS(=O)C,298.15,<1,#VALUE!,,-2.1325097
C[C@@H](O)[C@H](N)C(O)=O,CC#N,298.15,7,-1.230886645,-1.230886645,-3.1006863
C[C@@H](O)[C@H](N)C(O)=O,C1COCCO1,298.15,<1,#VALUE!,,-3.4567137
C[C@@H](O)[C@H](N)C(O)=O,CN(C)C=O,298.15,<1,#VALUE!,,-3.1282482
OC1=CC=CC2=C1N=CC=C2,O,298.15,<1,#VALUE!,,-0.4704339
OC1=CC=CC2=C1N=CC=C2,CO,298.15,119,-0.086299998,-0.086299998,0.12902333
OC1=CC=CC2=C1N=CC=C2,CCO,298.15,74,-0.29261524,-0.29261524,0.077877
OC1=CC=CC2=C1N=CC=C2,CC(C)O,298.15,<1,#VALUE!,,-0.14673278
OC1=CC=CC2=C1N=CC=C2,CCOC(=O)C,298.15,180,0.093425546,0.093425546,-0.1890518
OC1=CC=CC2=C1N=CC=C2,C1CCOC1,298.15,464,0.504671021,0.504671021,0.37675613
OC1=CC=CC2=C1N=CC=C2,CS(=O)C,298.15,404,0.444534406,0.444534406,0.55494523
OC1=CC=CC2=C1N=CC=C2,CC#N,298.15,101,-0.157525586,-0.157525586,-0.24909881
OC1=CC=CC2=C1N=CC=C2,C1COCCO1,298.15,385,0.42361377,0.42361377,0.05722636
OC1=CC=CC2=C1N=CC=C2,CN(C)C=O,298.15,589,0.608268335,0.608268335,0.42872578
O=C1C2=C(C=CC(Cl)=C2)SC3=CC=CC=C31,O,298.15,<1,#VALUE!,,-1.5342908
O=C1C2=C(C=CC(Cl)=C2)SC3=CC=CC=C31,CO,298.15,<1,#VALUE!,,-1.2047323
O=C1C2=C(C=CC(Cl)=C2)SC3=CC=CC=C31,CCO,298.15,<1,#VALUE!,,-0.92006767
O=C1C2=C(C=CC(Cl)=C2)SC3=CC=CC=C31,CC(C)O,298.15,<1,#VALUE!,,-1.1664268
O=C1C2=C(C=CC(Cl)=C2)SC3=CC=CC=C31,CCOC(=O)C,298.15,9,-1.437944244,-1.437944244,-0.25823325
O=C1C2=C(C=CC(Cl)=C2)SC3=CC=CC=C31,C1CCOC1,298.15,40,-0.790126762,-0.790126762,0.14929715
O=C1C2=C(C=CC(Cl)=C2)SC3=CC=CC=C31,CS(=O)C,298.15,2,-2.091156758,-2.091156758,0.22406963
O=C1C2=C(C=CC(Cl)=C2)SC3=CC=CC=C31,CC#N,298.15,4,-1.790126762,-1.790126762,-0.5055661
O=C1C2=C(C=CC(Cl)=C2)SC3=CC=CC=C31,C1COCCO1,298.15,46,-0.729428922,-0.729428922,0.22614457
O=C1C2=C(C=CC(Cl)=C2)SC3=CC=CC=C31,CN(C)C=O,298.15,9,-1.437944244,-1.437944244,0.35246044
O=C(CC1)N(Br)C1=O,O,298.15,15,-1.074304344,-1.074304344,-0.629172
O=C(CC1)N(Br)C1=O,CO,298.15,23,-0.888667767,-0.888667767,-0.288166
O=C(CC1)N(Br)C1=O,CCO,298.15,72,-0.393063107,-0.393063107,-0.5038353
O=C(CC1)N(Br)C1=O,CC(C)O,298.15,21,-0.928176308,-0.928176308,-0.7462746
O=C(CC1)N(Br)C1=O,CCOC(=O)C,298.15,18,-0.995123098,-0.995123098,-0.50633717
O=C(CC1)N(Br)C1=O,C1CCOC1,298.15,367,0.314270461,0.314270461,-0.047456324
O=C(CC1)N(Br)C1=O,CS(=O)C,298.15,768,0.634965617,0.634965617,0.2739758
O=C(CC1)N(Br)C1=O,CC#N,298.15,129,-0.139805893,-0.139805893,-0.532732
O=C(CC1)N(Br)C1=O,C1COCCO1,298.15,198,0.046269587,0.046269587,-0.3657447
O=C(CC1)N(Br)C1=O,CN(C)C=O,298.15,601,0.528478869,0.528478869,0.24396877
O=CC=P(C1=CC=CC=C1)(C2=CC=CC=C2)C3=CC=CC=C3,O,298.15,<1,#VALUE!,,-1.328316
O=CC=P(C1=CC=CC=C1)(C2=CC=CC=C2)C3=CC=CC=C3,CO,298.15,560,0.264843261,0.264843261,-0.86177814
O=CC=P(C1=CC=CC=C1)(C2=CC=CC=C2)C3=CC=CC=C3,CCO,298.15,293,-0.016477146,-0.016477146,-0.919449
O=CC=P(C1=CC=CC=C1)(C2=CC=CC=C2)C3=CC=CC=C3,CC(C)O,298.15,82,-0.569530914,-0.569530914,-1.2625718
O=CC=P(C1=CC=CC=C1)(C2=CC=CC=C2)C3=CC=CC=C3,CCOC(=O)C,298.15,425,0.145044164,0.145044164,-0.58364093
O=CC=P(C1=CC=CC=C1)(C2=CC=CC=C2)C3=CC=CC=C3,C1CCOC1,298.15,22,-1.140922085,-1.140922085,-0.08388688
O=CC=P(C1=CC=CC=C1)(C2=CC=CC=C2)C3=CC=CC=C3,CS(=O)C,298.15,163,-0.271157162,-0.271157162,-0.24773756
O=CC=P(C1=CC=CC=C1)(C2=CC=CC=C2)C3=CC=CC=C3,CC#N,298.15,19,-1.204591165,-1.204591165,-0.68400896
O=CC=P(C1=CC=CC=C1)(C2=CC=CC=C2)C3=CC=CC=C3,C1COCCO1,298.15,14,-1.33721673,-1.33721673,-0.10832095
O=CC=P(C1=CC=CC=C1)(C2=CC=CC=C2)C3=CC=CC=C3,CN(C)C=O,298.15,135,-0.353010998,-0.353010998,-0.1184129
NC(N)=S,O,298.15,152,0.300344808,0.300344808,-0.44478357
NC(N)=S,CO,298.15,141,0.267720333,0.267720333,0.0059568435
NC(N)=S,CCO,298.15,136,0.252040129,0.252040129,-0.4172747
NC(N)=S,CC(C)O,298.15,113,0.171579664,0.171579664,-0.6364012
NC(N)=S,CCOC(=O)C,298.15,17,-0.651049858,-0.651049858,-1.1040787
NC(N)=S,C1CCOC1,298.15,<1,#VALUE!,,-0.26104337
NC(N)=S,CS(=O)C,298.15,362,0.677209791,0.677209791,-0.04084839
NC(N)=S,CC#N,298.15,11,-0.840106094,-0.840106094,-0.6810264
NC(N)=S,C1COCCO1,298.15,<1,#VALUE!,,-0.4181679
NC(N)=S,CN(C)C=O,298.15,474,0.794279562,0.794279562,0.31248218
C12=CC=CC=C1C=C3C(C=CC=C3)=C2,O,298.15,<1,#VALUE!,,-2.307065
C12=CC=CC=C1C=C3C(C=CC=C3)=C2,CO,298.15,3,-1.773859552,-1.773859552,-2.0837069
C12=CC=CC=C1C=C3C(C=CC=C3)=C2,CCO,298.15,<1,#VALUE!,,-2.0631413
C12=CC=CC=C1C=C3C(C=CC=C3)=C2,CC(C)O,298.15,11,-1.209588122,-1.209588122,-2.223119
C12=CC=CC=C1C=C3C(C=CC=C3)=C2,CCOC(=O)C,298.15,9,-1.296738298,-1.296738298,-0.7855123
C12=CC=CC=C1C=C3C(C=CC=C3)=C2,C1CCOC1,298.15,15,-1.074889548,-1.074889548,-0.44228303
C12=CC=CC=C1C=C3C(C=CC=C3)=C2,CS(=O)C,298.15,<1,#VALUE!,,-0.568419
C12=CC=CC=C1C=C3C(C=CC=C3)=C2,CC#N,298.15,3,-1.773859552,-1.773859552,-1.4092107
C12=CC=CC=C1C=C3C(C=CC=C3)=C2,C1COCCO1,298.15,<1,#VALUE!,,-0.27670896
C12=CC=CC=C1C=C3C(C=CC=C3)=C2,CN(C)C=O,298.15,<1,#VALUE!,,-0.7810028
