solute_smiles,solvent_smiles,temperature,solubility (mg/mL),tested_logS [mol/L],tested_logS_valid,pred_vermeire
OB(C1=CC=CC=C1)O,O,298.15,10,-1.086110574,-1.086110574,-1.5803883450229277
OB(C1=CC=CC=C1)O,CO,298.15,178,0.164309429,0.164309429,0.1699267315733976
OB(C1=CC=CC=C1)O,CCO,298.15,428,0.545333195,0.545333195,-0.0755663789539919
OB(C1=CC=CC=C1)O,CC(C)O,298.15,252,0.315289967,0.315289967,-0.5725268505872538
OB(C1=CC=CC=C1)O,CCOC(=O)C,298.15,238,0.290466383,0.290466383,-0.7530455744015239
OB(C1=CC=CC=C1)O,C1CCOC1,298.15,360,0.470191927,0.470191927,0.1026311299513249
OB(C1=CC=CC=C1)O,CS(=O)C,298.15,537,0.643863712,0.643863712,1.5477014488645215
OB(C1=CC=CC=C1)O,CC#N,298.15,106,-0.060804709,-0.060804709,-0.1602182407252943
OB(C1=CC=CC=C1)O,C1COCCO1,298.15,374,0.486761028,0.486761028,-0.3431275713836701
OB(C1=CC=CC=C1)O,CN(C)C=O,298.15,502,0.614593143,0.614593143,0.8657405210101308
O=C1C(O)C(O)[C@@H]([C@@H](O)CO)O1,O,298.15,154,-0.063240727,-0.063240727,0.4584276547032502
O=C1C(O)C(O)[C@@H]([C@@H](O)CO)O1,CO,298.15,43,-0.617292992,-0.617292992,-1.1322867798743008
O=C1C(O)C(O)[C@@H]([C@@H](O)CO)O1,CCO,298.15,25,-0.852821439,-0.852821439,-1.965358657553265
O=C1C(O)C(O)[C@@H]([C@@H](O)CO)O1,CC(C)O,298.15,23,-0.889033612,-0.889033612,-2.575994659156056
O=C1C(O)C(O)[C@@H]([C@@H](O)CO)O1,CCOC(=O)C,298.15,<1,#VALUE!,,-3.09469548061176
O=C1C(O)C(O)[C@@H]([C@@H](O)CO)O1,C1CCOC1,298.15,16,-1.046641465,-1.046641465,-2.8126893418874808
O=C1C(O)C(O)[C@@H]([C@@H](O)CO)O1,CS(=O)C,298.15,32,-0.74561147,-0.74561147,1.3050985206176406
O=C1C(O)C(O)[C@@H]([C@@H](O)CO)O1,CC#N,298.15,15,-1.074670189,-1.074670189,-1.528014266038058
O=C1C(O)C(O)[C@@H]([C@@H](O)CO)O1,C1COCCO1,298.15,12,-1.171580202,-1.171580202,-2.38872325048472
O=C1C(O)C(O)[C@@H]([C@@H](O)CO)O1,CN(C)C=O,298.15,57,-0.494886592,-0.494886592,-0.4925247744313594
C=CC(N)=O,O,298.15,395,0.744849676,0.744849676,0.7302547745472552
C=CC(N)=O,CO,298.15,196,0.440508652,0.440508652,0.9515731388148893
C=CC(N)=O,CCO,298.15,109,0.185679079,0.185679079,0.6380392761305957
C=CC(N)=O,CC(C)O,298.15,225,0.500435099,0.500435099,0.3537788121180396
C=CC(N)=O,CCOC(=O)C,298.15,145,0.309620583,0.309620583,-0.3270899872098116
C=CC(N)=O,C1CCOC1,298.15,213,0.476632184,0.476632184,-0.2101568523895078
C=CC(N)=O,CS(=O)C,298.15,929,1.116268295,1.116268295,1.4626917612021586
C=CC(N)=O,CC#N,298.15,142,0.300540925,0.300540925,0.2583824492389137
C=CC(N)=O,C1COCCO1,298.15,243,0.533858854,0.533858854,-0.0791367409640875
C=CC(N)=O,CN(C)C=O,298.15,850,1.077671507,1.077671507,0.6770569129673216
C[C@@H](O)[C@H](N)C(O)=O,O,298.15,86,-0.141486234,-0.141486234,0.0074977035921506
C[C@@H](O)[C@H](N)C(O)=O,CO,298.15,12,-0.996803439,-0.996803439,-0.4207371817981791
C[C@@H](O)[C@H](N)C(O)=O,CCO,298.15,<1,#VALUE!,,-0.9188604690240858
C[C@@H](O)[C@H](N)C(O)=O,CC(C)O,298.15,<1,#VALUE!,,-1.2288928458549773
C[C@@H](O)[C@H](N)C(O)=O,CCOC(=O)C,298.15,<1,#VALUE!,,-2.030032594627027
C[C@@H](O)[C@H](N)C(O)=O,C1CCOC1,298.15,<1,#VALUE!,,-1.7955812138286935
C[C@@H](O)[C@H](N)C(O)=O,CS(=O)C,298.15,<1,#VALUE!,,0.344014868019979
C[C@@H](O)[C@H](N)C(O)=O,CC#N,298.15,7,-1.230886645,-1.230886645,-1.3560837343285606
C[C@@H](O)[C@H](N)C(O)=O,C1COCCO1,298.15,<1,#VALUE!,,-1.640283888296242
C[C@@H](O)[C@H](N)C(O)=O,CN(C)C=O,298.15,<1,#VALUE!,,-0.7268623639602474
OC1=CC=CC2=C1N=CC=C2,O,298.15,<1,#VALUE!,,-2.081459368311158
OC1=CC=CC2=C1N=CC=C2,CO,298.15,119,-0.086299998,-0.086299998,0.1185426610423849
OC1=CC=CC2=C1N=CC=C2,CCO,298.15,74,-0.29261524,-0.29261524,0.0343200508667678
OC1=CC=CC2=C1N=CC=C2,CC(C)O,298.15,<1,#VALUE!,,-0.0849595194134043
OC1=CC=CC2=C1N=CC=C2,CCOC(=O)C,298.15,180,0.093425546,0.093425546,0.515086518921386
OC1=CC=CC2=C1N=CC=C2,C1CCOC1,298.15,464,0.504671021,0.504671021,0.7290507514300852
OC1=CC=CC2=C1N=CC=C2,CS(=O)C,298.15,404,0.444534406,0.444534406,0.9520282129189894
OC1=CC=CC2=C1N=CC=C2,CC#N,298.15,101,-0.157525586,-0.157525586,0.5324262002689562
OC1=CC=CC2=C1N=CC=C2,C1COCCO1,298.15,385,0.42361377,0.42361377,0.742442574543249
OC1=CC=CC2=C1N=CC=C2,CN(C)C=O,298.15,589,0.608268335,0.608268335,0.9463809750294736
O=C1C2=C(C=CC(Cl)=C2)SC3=CC=CC=C31,O,298.15,<1,#VALUE!,,-5.907383236234736
O=C1C2=C(C=CC(Cl)=C2)SC3=CC=CC=C31,CO,298.15,<1,#VALUE!,,-2.0499151128534985
O=C1C2=C(C=CC(Cl)=C2)SC3=CC=CC=C31,CCO,298.15,<1,#VALUE!,,-1.9098710668865708
O=C1C2=C(C=CC(Cl)=C2)SC3=CC=CC=C31,CC(C)O,298.15,<1,#VALUE!,,-2.0600106408019245
O=C1C2=C(C=CC(Cl)=C2)SC3=CC=CC=C31,CCOC(=O)C,298.15,9,-1.437944244,-1.437944244,-1.2110051412985472
O=C1C2=C(C=CC(Cl)=C2)SC3=CC=CC=C31,C1CCOC1,298.15,40,-0.790126762,-0.790126762,-0.7620313662964415
O=C1C2=C(C=CC(Cl)=C2)SC3=CC=CC=C31,CS(=O)C,298.15,2,-2.091156758,-2.091156758,-1.1742063870997042
O=C1C2=C(C=CC(Cl)=C2)SC3=CC=CC=C31,CC#N,298.15,4,-1.790126762,-1.790126762,-1.6597076967534283
O=C1C2=C(C=CC(Cl)=C2)SC3=CC=CC=C31,C1COCCO1,298.15,46,-0.729428922,-0.729428922,-0.925369040021315
O=C1C2=C(C=CC(Cl)=C2)SC3=CC=CC=C31,CN(C)C=O,298.15,9,-1.437944244,-1.437944244,-0.7804881604176286
O=C(CC1)N(Br)C1=O,O,298.15,15,-1.074304344,-1.074304344,-1.2216637180373118
O=C(CC1)N(Br)C1=O,CO,298.15,23,-0.888667767,-0.888667767,-0.4413782701762985
O=C(CC1)N(Br)C1=O,CCO,298.15,72,-0.393063107,-0.393063107,-0.6275744931274039
O=C(CC1)N(Br)C1=O,CC(C)O,298.15,21,-0.928176308,-0.928176308,-0.7442570561506097
O=C(CC1)N(Br)C1=O,CCOC(=O)C,298.15,18,-0.995123098,-0.995123098,0.0184982111949647
O=C(CC1)N(Br)C1=O,C1CCOC1,298.15,367,0.314270461,0.314270461,-0.0112559177384179
O=C(CC1)N(Br)C1=O,CS(=O)C,298.15,768,0.634965617,0.634965617,0.4729218966935233
O=C(CC1)N(Br)C1=O,CC#N,298.15,129,-0.139805893,-0.139805893,0.4188392479476475
O=C(CC1)N(Br)C1=O,C1COCCO1,298.15,198,0.046269587,0.046269587,0.3025940150937263
O=C(CC1)N(Br)C1=O,CN(C)C=O,298.15,601,0.528478869,0.528478869,0.3720906413386391
O=CC=P(C1=CC=CC=C1)(C2=CC=CC=C2)C3=CC=CC=C3,O,298.15,<1,#VALUE!,,-4.705278673876685
O=CC=P(C1=CC=CC=C1)(C2=CC=CC=C2)C3=CC=CC=C3,CO,298.15,560,0.264843261,0.264843261,0.5787287982249261
O=CC=P(C1=CC=CC=C1)(C2=CC=CC=C2)C3=CC=CC=C3,CCO,298.15,293,-0.016477146,-0.016477146,0.3808855474807515
O=CC=P(C1=CC=CC=C1)(C2=CC=CC=C2)C3=CC=CC=C3,CC(C)O,298.15,82,-0.569530914,-0.569530914,0.0621591444354869
O=CC=P(C1=CC=CC=C1)(C2=CC=CC=C2)C3=CC=CC=C3,CCOC(=O)C,298.15,425,0.145044164,0.145044164,0.7400219239301826
O=CC=P(C1=CC=CC=C1)(C2=CC=CC=C2)C3=CC=CC=C3,C1CCOC1,298.15,22,-1.140922085,-1.140922085,1.324163673025236
O=CC=P(C1=CC=CC=C1)(C2=CC=CC=C2)C3=CC=CC=C3,CS(=O)C,298.15,163,-0.271157162,-0.271157162,0.8626845299734462
O=CC=P(C1=CC=CC=C1)(C2=CC=CC=C2)C3=CC=CC=C3,CC#N,298.15,19,-1.204591165,-1.204591165,0.6927022406362795
O=CC=P(C1=CC=CC=C1)(C2=CC=CC=C2)C3=CC=CC=C3,C1COCCO1,298.15,14,-1.33721673,-1.33721673,1.296514229260712
O=CC=P(C1=CC=CC=C1)(C2=CC=CC=C2)C3=CC=CC=C3,CN(C)C=O,298.15,135,-0.353010998,-0.353010998,1.570337807973203
NC(N)=S,O,298.15,152,0.300344808,0.300344808,0.244248864109366
NC(N)=S,CO,298.15,141,0.267720333,0.267720333,-0.1012631035289182
NC(N)=S,CCO,298.15,136,0.252040129,0.252040129,-0.6011365427280619
NC(N)=S,CC(C)O,298.15,113,0.171579664,0.171579664,-0.8499818365302785
NC(N)=S,CCOC(=O)C,298.15,17,-0.651049858,-0.651049858,-0.5610926524940272
NC(N)=S,C1CCOC1,298.15,<1,#VALUE!,,-0.4639328062373522
NC(N)=S,CS(=O)C,298.15,362,0.677209791,0.677209791,2.3647880410476976
NC(N)=S,CC#N,298.15,11,-0.840106094,-0.840106094,0.2287574360694151
NC(N)=S,C1COCCO1,298.15,<1,#VALUE!,,-0.305932484104181
NC(N)=S,CN(C)C=O,298.15,474,0.794279562,0.794279562,1.1361653596339405
C12=CC=CC=C1C=C3C(C=CC=C3)=C2,O,298.15,<1,#VALUE!,,-6.033041015988792
C12=CC=CC=C1C=C3C(C=CC=C3)=C2,CO,298.15,3,-1.773859552,-1.773859552,-1.636208996504788
C12=CC=CC=C1C=C3C(C=CC=C3)=C2,CCO,298.15,<1,#VALUE!,,-1.5070585596180104
C12=CC=CC=C1C=C3C(C=CC=C3)=C2,CC(C)O,298.15,11,-1.209588122,-1.209588122,-1.659256582798939
C12=CC=CC=C1C=C3C(C=CC=C3)=C2,CCOC(=O)C,298.15,9,-1.296738298,-1.296738298,-0.7023220645148207
C12=CC=CC=C1C=C3C(C=CC=C3)=C2,C1CCOC1,298.15,15,-1.074889548,-1.074889548,-0.3058794744549793
C12=CC=CC=C1C=C3C(C=CC=C3)=C2,CS(=O)C,298.15,<1,#VALUE!,,-0.8014221107246762
C12=CC=CC=C1C=C3C(C=CC=C3)=C2,CC#N,298.15,3,-1.773859552,-1.773859552,-1.0396736123761752
C12=CC=CC=C1C=C3C(C=CC=C3)=C2,C1COCCO1,298.15,<1,#VALUE!,,-0.4987606156608972
C12=CC=CC=C1C=C3C(C=CC=C3)=C2,CN(C)C=O,298.15,<1,#VALUE!,,-0.4734827504826242
