temperature_K,logS
294.15,-0.400578187
293.15,0.394826213
291.15,-1.221572041
293.15,0.444041636
293.15,-2.827756863
298.15,-0.921291877
297.15,0.337495442
293.15,-2.016550754
298.14,-3.605907144
298.15,-1.069979767
289.15,-0.598639258
300.69,-0.826522497
293.15,-2.673538801
296.15,-2.84400061
288.15,-1.021978059
298.16999999999996,-2.036797563
298.23999999999995,-1.547708045
293.15,-2.292959938
293.15,-0.085996242
296.15,-1.55336281
291.15,-0.902822505
298.14,-1.143884926
293.15,-1.540262719
298.19,-1.886057124
288.15,-2.348157253
298.14,-0.998411194
293.15,-1.116543475
297.89,0.075176197
293.15,-2.64193097
298.14,0.588575421
293.15,-2.045757491
299.15,-0.244127212
298.15,-0.69945019
293.15,-1.284407192
293.15,-2.267606191
297.98999999999995,-2.364156497
293.15,-1.297953573
295.15,0.006849752
298.44,-1.42044563
298.15,-2.733689172
303.15,-0.32994314
298.15,-0.704648873
298.15,-1.316098643
298.14,-1.995985874
298.14,0.861071993
298.15,-0.188065238
290.15,0.802944895
293.15,0.072121752
296.15,-0.751730463
298.28999999999996,0.581404403
298.15,0.142253513
293.15,-3.297191289
298.15,-1.016460387
298.15,-2.843870159
298.15,-1.170336471
296.15,0.215759855
288.15,0.796849864
298.15,-0.439803394
298.23999999999995,-0.267898415
300.03,0.153245609
298.19,-1.692333915
293.15,0.035633813
293.15,-1.097448168
288.15,-1.485741766
298.15,0.359498417
297.98999999999995,-1.371410923
293.15,-2.283762019
293.15,-0.485005165
293.15,0.056047153
298.22999999999996,0.190635412
298.15,-1.84227779
293.15,0.412228301
293.15,0.116482659
298.14,-2.489457297
298.15,-1.627896947
298.2,-1.552847631
291.15,-1.735336862
298.15,-0.760630239
293.15,-1.672818005
299.19,-0.097865989
298.15,-2.504718085
293.15,-1.163185841
293.28999999999996,-1.916855674
293.15,-0.929049367
293.15,0.110336443
290.15,-2.172700209
290.15,-2.054111614
298.14,0.853080619
298.15,-2.028466869
297.95,-1.920111701
293.15,-1.623085206
298.15,-0.463121583
296.15,0.274707345
288.15,0.258612562
298.15,-0.041083069
297.23999999999995,-0.56827648
298.15,-1.676181877
293.15,-1.660560304
291.45,-0.981287159
290.15,-0.228397885
293.15,-0.616930725
298.15,-1.899112145
293.15,-1.613894727
298.15,-3.088024262
287.15,0.839847846
298.15,0.130637881
303.15,-2.619789332
298.15,-0.467725965
298.14,-1.420291159
295.15,-0.486720856
298.15,-1.052568169
293.15,-0.671145442
298.15,-2.387200434
298.15,0.296557126
293.15,-0.757114242
299.82,-1.136912716
298.03999999999996,-0.065985952
293.15,-1.789595827
303.15,-1.00229436
293.15,-0.48562214
298.22999999999996,-0.08819764
303.15,0.763514653
299.15,0.273335105
293.15,-0.635148702
298.15,-2.614625863
297.14,-1.609235088
293.15,0.424178789
288.15,-2.277799425
293.15,-0.073451345
297.14,0.045776626
299.14,0.231856107
303.15,-0.493387613
293.15,-1.745606359
298.15,-2.261489524
298.15,-0.759830847
298.14,0.247301268
298.95,-0.731952364
289.15,-0.04508515
293.15,0.327631972
299.15,0.494803302
293.15,-0.095388362
295.0,-1.232358035
298.15,-0.022027947
293.15,-0.136173606
303.15,-0.3690667
293.15,-1.900236048
292.15,-1.906661981
293.15,0.129779372
299.15,-0.200475114
298.0,-1.130189922
298.15,-1.854345088
293.15,-1.337249478
298.14,-3.76721595
293.15,-1.155973924
293.15,-0.537602221
294.15,-1.272611445
297.98999999999995,-0.032223325
294.15,-1.231019379
293.15,-0.65365556
298.14,-1.043231673
291.15,-1.103498678
293.15,0.588545704
293.15,-0.51935619
298.15,-1.796677705
298.14,-1.358088214
298.15,-0.516019467
297.65,-0.91579268
298.15,0.08790873
293.15,0.246296012
293.15,-0.369151016
293.15,-1.642960017
293.15,0.456469311
298.15,-0.135580637
298.75,-0.778343399
293.15,-0.245512668
290.15,-0.235201593
293.15,0.85748448
293.0,-2.585282514
297.98999999999995,0.481329133
288.15,-0.487933625
303.15,-1.948105681
298.94,0.516299798
293.15,-1.658384817
291.15,0.35852951
298.14,-1.325526145
297.53,0.676000641
288.15,-1.097351032
296.15,-1.499232252
298.15,0.534039156
293.15,-1.292430062
293.04999999999995,0.430177531
299.15,0.175105621
298.03999999999996,-0.98281575
298.15,-1.722553688
293.15,-2.676107361
298.14,0.371741675
288.15,-2.403715714
297.15,-1.388288632
300.98999999999995,-0.893415339
293.15,-1.207123417
293.15,-0.906578621
293.15,0.204247063
298.15,-0.66756881
293.15,-0.936435936
293.15,-0.878291949
293.15,-1.37873342
298.15,-1.954628378
293.15,-1.657577319
288.15,-0.943035544
303.19,0.080083531
293.15,-1.759393273
291.15,0.775650381
296.15,-0.685250406
290.65,-0.167429512
288.15,0.547763067
298.15,-1.699519292
298.14,-0.029194105
295.65,-2.004035333
293.15,-1.558874652
290.15,-2.163690796
298.15,0.23155772
298.15,-0.285320521
298.15,-0.154774845
293.15,-2.770184797
296.15,0.29173523
293.15,-2.956637714
293.15,0.058657723
299.14,0.444349871
293.15,-1.32820329
293.15,0.433770301
292.98999999999995,0.579982105
298.13,-1.864985102
303.15,-1.915224565
293.15,-0.262381779
293.15,-0.30364119
293.15,-1.459936021
290.65,-1.169035538
293.15,-1.684379381
293.15,-0.423567349
296.15,-0.401133386
288.15,0.184891445
298.09999999999997,0.470144966
293.15,-3.841548882
288.15,-1.11674556
298.15,-2.235825584
293.15,-0.883639862
303.15,-0.341620856
293.15,-0.194784817
298.15,-1.498936526
296.54999999999995,-2.452585735
293.15,-0.136173606
293.14,0.35053991
293.15,-2.137703915
293.15,-0.274730371
293.15,-1.170790508
295.15,-0.88605527
292.15,-2.567341591
289.15,-0.784023236
293.15,-0.950811187
288.15,-1.628811407
293.15,0.259120927
293.15,-1.673363962
303.15,-0.680578154
288.45,0.964031913
298.15,-3.847163773
296.98999999999995,-1.103563434
298.15,-2.190811492
298.15,-1.330517261
298.15,-0.558543656
298.15,-2.573802534
293.15,0.996380458
298.14,-0.642191393
294.15,-1.371742918
298.15,-0.771354104
298.15,0.513935905
298.15,0.334813507
298.15,-0.187864636
293.15,-0.678052926
293.15,-0.595827879
298.15,-1.08782952
288.15,0.495843183
293.15,-0.855331724
288.15,-1.549759551
298.34,-2.363869395
292.15,-0.926617581
293.15,-0.125835238
298.14,0.19477696
293.15,-1.361191135
298.34999999999997,-1.657652075
293.15,-1.610363812
293.15,-0.800254097
298.42999999999995,-1.987351504
293.15,-0.583749167
293.15,-1.234212462
293.15,-1.843158001
299.44,-0.037053105
293.15,-0.953518081
293.15,-0.825313022
298.15,0.38412846
293.19,-0.983384521
293.15,-0.960685547
298.23999999999995,-3.038076782
291.15,-1.952421268
298.15,-0.187864636
293.15,-0.10937206
300.03999999999996,-0.718857066
288.15,-2.872381259
290.15,0.485879894
290.15,-1.977723605
298.15,-3.642366818
288.15,0.18450416
293.15,-1.812523609
293.15,-1.193822267
302.94,0.139293696
288.15,-0.683335271
303.15,0.563573103
293.15,-2.029805828
290.65,-1.037276829
298.14,0.144793846
297.34,0.671898215
298.15,0.684477909
289.15,-1.776470431
302.25,-1.402735403
298.15,-2.896797821
295.15,0.171100776
293.15,-1.342690328
291.15,-0.810589193
293.15,-1.058156274
298.15,-2.34814254
290.15,0.436610032
288.15,0.224355743
293.15,-2.988178757
293.15,0.117757985
293.15,-0.39912237
299.15,-0.405925001
303.15,-0.044894198
298.15,-0.91164702
289.15,-1.521227671
299.15,-0.270795364
293.15,-0.259626574
298.15,-3.397897726
297.15,-0.034809562
298.15,-3.368383065
288.15,-1.868131264
293.14,-2.105104492
298.15,-2.795880925
293.15,-1.4242941
295.15,-1.881211544
293.15,-2.756356503
293.15,-0.625153426
292.15,-1.431597495
303.15,-1.507550426
293.15,-2.713522567
298.15,-1.019509832
299.15,-0.431798276
295.15,-1.598802144
299.15,-0.277373785
293.15,0.648860333
299.15,-0.376755606
296.15,-2.188086645
293.15,-1.40926556
297.15,-3.81024671
298.15,-0.942313597
294.15,-2.971795408
297.98999999999995,0.260115988
293.15,-3.225777791
290.15,0.667218289
295.15,0.060099036
293.15,-2.380508679
293.15,-0.389334259
288.15,-1.560280876
298.15,0.225964192
293.15,-1.599681728
289.15,-1.62903887
292.15,-2.325706484
298.15,0.012926413
293.15,0.093925079
298.15,-0.798836918
293.15,-1.721252106
294.15,-3.859925539
303.15,-0.292462151
299.15,-0.038579503
288.15,0.534292363
294.15,-0.921639663
298.04999999999995,-1.281816615
298.15,-1.071971787
298.04999999999995,-1.214763328
293.15,-2.555160472
298.15,-2.917370255
289.15,-1.57469315
298.15,-1.07109206
298.15,-1.899207463
293.15,-1.697800618
297.15,-1.68029568
288.15,-1.979195892
293.15,-0.99238638
297.15,-0.614688332
299.15,-0.339592419
293.15,0.341264486
293.15,-1.845642737
298.15,-0.470606864
288.15,-0.767429023
303.15,-0.53745977
299.15,-0.1487414
293.15,-0.287862464
298.15,-3.625930531
303.15,-1.551642395
299.15,-1.522871363
298.15,-0.836325348
290.15,0.113387133
293.15,-0.779883089
293.15,-3.030984062
293.15,-0.863545786
299.15,-0.602048918
293.15,-1.213439666
293.15,-0.519907217
292.65,-1.458053873
290.15,-2.297149663
293.15,-1.307227288
303.15,-0.587374305
298.15,0.307369906
293.15,-3.390787543
293.15,-2.017735267
303.15,0.646344068
298.15,-3.193440523
293.15,-1.023350612
295.15,0.772431391
293.15,-1.755138507
298.15,-2.914264861
298.15,-0.649780609
293.15,-0.603140172
293.15,-1.354883018
293.15,-0.94359673
292.15,-2.309533129
295.15,0.56215473
295.25,0.720043321
287.15,0.205061347
288.15,-2.432800953
298.15,-2.966263706
292.15,-0.493942012
293.15,-0.840478568
293.15,-3.39725362
293.15,-0.852073862
298.15,-2.552019331
293.15,-0.666544407
295.15,0.426625697
303.15,-0.647291755
298.15,-3.445323923
302.77,-0.912776034
288.15,-0.892961108
291.15,-0.94009421
293.15,-1.522233474
293.15,-0.907584355
303.15,-0.421566245
298.15,-2.423217846
293.15,-0.261918872
296.34,-2.105104492
293.15,-0.835359734
303.15,-0.701577016
289.15,-0.232009418
290.15,-0.840965168
299.15,-0.638280143
298.15,-1.435382236
298.15,-0.497994303
303.15,-0.892983945
293.15,-1.523330774
293.15,-1.095765126
288.15,-1.375161842
298.15,-1.404797714
298.15,-1.522914612
293.15,0.313612393
298.15,-2.618624393
298.15,-0.310699476
298.15,-0.044531471
292.15,-3.486233478
298.15,-1.99832038
290.15,-0.698070007
303.15,-0.876459712
298.15,-0.840526284
298.0,-0.781209421
289.15,-1.615741442
293.15,-1.656785224
293.15,-0.066068749
303.15,-1.589187993
293.15,-0.484338481
293.15,-1.907584355
299.15,-0.718962843
303.15,-0.41352337
302.15,-1.326752675
297.98999999999995,0.149132746
295.15,0.143056052
303.15,-0.076849601
298.15,-0.36063907
293.15,-0.64653834
303.15,-0.771634878
298.15,0.029586852
291.15,-0.917901574
295.15,-2.946382076
295.15,-1.329362948
298.15,-3.928660027
298.14,-3.150861982
306.65,-0.194327676
299.15,-1.999982157
293.15,-1.616797483
293.15,-0.24585023
298.15,-1.429002933
288.15,-1.607385594
293.15,-0.83006313
298.15,-0.476208277
293.15,-0.469843114
295.54999999999995,-0.482089511
292.15,-0.778874472
298.12,-0.17839989
293.15,-0.392769265
294.15,0.015786616
294.15,-0.372644955
290.15,0.105388087
292.15,-0.246766311
293.15,0.774785161
298.15,-2.30102397
303.15,-0.907224384
298.15,0.910290571
293.15,-2.295674141
293.15,0.512299784
293.15,-1.61750544
293.15,-1.131340971
298.15,-3.271932299
293.15,-1.360352472
298.15,-1.700971947
298.15,-1.057741262
291.15,-2.025217553
291.15,-0.009360791
298.15,-1.599833602
293.15,-0.349532325
298.04999999999995,-1.622435042
291.15,-1.016759388
288.15,-0.554508694
298.15,-1.723331411
288.15,0.464896151
291.15,-0.035717002
293.15,0.371768325
290.15,-0.773764165
298.15,-2.961194289
291.15,-1.768599812
298.15,-0.748909792
290.15,-2.08450955
298.15,-1.279463121
298.15,-1.908809846
288.15,-1.789426964
295.15,-1.837930711
298.15,-0.211017704
293.15,-3.164522971
303.15,-1.488236868
293.15,0.685732139
298.15,-1.78259426
306.65,-0.568645966
293.15,0.233182798
298.15,-0.779675607
294.15,0.34222424
293.15,-0.908580662
293.15,0.344821243
293.15,0.028899692
293.15,-0.286505123
299.15,-1.119177956
293.15,-1.408933126
292.15,-0.774933372
293.15,0.049238397
293.15,-2.769211002
293.15,-3.035264331
290.15,-0.595103096
293.15,-0.108690891
293.15,-0.175447737
293.15,-1.843522888
296.15,-1.930035861
291.15,-1.881296599
291.15,-1.770899639
293.15,-1.641298242
288.15,-2.095440049
293.15,-0.703420946
288.65,-1.435660101
293.15,-0.862736204
298.15,-1.771309128
293.15,-1.364140502
303.15,-0.063451727
292.15,-3.713825025
293.15,-1.098639112
298.15,-0.187076494
296.15,-3.334529936
293.15,-0.52151522
298.04999999999995,-1.138024757
293.15,-1.842478898
292.15,-0.537254369
293.15,-1.129002803
303.15,-1.374513995
303.15,-1.088125655
298.15,-2.369076072
298.15,-2.742015861
293.15,-1.769556786
299.15,-1.251793355
303.15,-1.095760394
293.15,-0.508019325
293.15,-0.812316622
298.15,-2.963223993
298.15,0.665550839
293.15,-2.126571704
298.15,-0.12610793
298.15,-2.237086256
299.15,-1.657591748
295.15,-1.076283953
298.15,0.390657296
294.15,-0.498644836
289.15,-1.603796042
297.15,-3.398479204
299.15,-1.15490196
298.15,-0.807836975
293.15,-0.730469196
293.15,-1.244122266
296.15,-1.109455147
298.15,-2.499875251
303.15,0.477141134
293.15,-2.470429908
293.15,-1.265213368
295.15,0.90774067
291.15,-0.498903775
293.15,-0.231656761
295.15,0.365336625
293.15,-2.978281988
298.15,-1.307759578
294.15,-3.301444352
296.15,0.519243772
293.15,-1.70288556
298.15,-1.115140672
291.15,-1.079810517
293.15,-3.465879329
298.15,-2.401017236
294.15,-3.030918291
303.15,0.322319043
298.15,-2.141130509
290.15,-0.313006034
293.15,-3.523396116
293.15,-0.654767962
288.15,-0.116525836
297.98999999999995,-1.005719859
293.15,-0.568637943
292.15,-2.333049073
298.15,-3.652584084
288.15,-0.984365267
298.15,-0.407255773
288.15,0.91133309
298.04999999999995,-1.026130102
303.15,0.558928709
293.15,-2.162492797
298.15,-0.445796448
298.04999999999995,-1.144457574
298.15,0.732112358
289.15,-1.815363959
300.67999999999995,-2.164161321
298.15,-3.789551538
288.15,-2.327158636
294.25,-0.138627526
288.15,0.215501725
290.15,-1.139498852
289.65,-2.122892155
294.15,-1.772342835
293.15,0.089474843
293.15,-2.110796646
291.15,-1.445595972
291.15,-1.83088487
293.15,-1.416756969
298.15,-0.164919184
291.15,-0.277683685
295.15,-2.06048026
288.15,-1.290243154
293.15,-0.711484813
298.14,-3.681525248
298.15,-0.634478221
298.15,-2.230886645
291.15,-0.528663663
298.14,-0.610212632
298.15,-3.855481051
298.15,-1.969944603
293.15,-2.673538801
296.25,-0.032780167
298.15,-2.851780004
296.15,-2.757471948
298.06,-0.817557062
291.15,-1.325291914
293.15,-3.14716535
298.15,-2.279553947
298.15,-2.940199207
293.15,-0.36417146
295.15,-2.071174513
293.15,-1.674740629
298.15,-0.715024726
298.14,-1.927672678
298.15,-2.121462376
298.14,-1.519664904
299.15,-0.42481882
298.15,-1.752447265
293.15,-2.287266367
292.15,-2.500740305
293.15,-3.823909179
298.14,-1.884503851
298.14,-1.190535841
291.15,-0.338961823
290.15,-1.28972567
293.15,-2.057621417
289.15,-1.124014873
298.15,-0.270813985
294.15,-0.298151846
298.15,-2.579499754
289.65,-2.557397822
293.15,-0.456474038
298.14,-3.042182953
295.65,-1.064624923
293.15,-1.403012021
290.15,-0.360673591
294.65,-1.823075118
298.15,-2.678033738
298.2,-0.123006146
295.15,-1.483907359
293.15,0.15053329
295.15,-1.917214297
298.15,-1.854937284
293.15,-1.547635776
296.15,-2.710068449
293.15,-1.756386539
293.15,-0.814263086
298.15,0.557583436
297.15,-1.857437968
298.15,0.202103636
290.15,-2.129113171
298.15,-0.477535246
298.15,-1.850860257
293.84999999999997,-2.542885865
298.15,-0.156767152
298.15,0.972403313
288.15,-3.31785744
293.15,-1.066742368
293.15,-0.522888515
297.95,-0.433878987
298.15,-2.31657923
298.19,-0.858778798
298.15,-2.886123037
293.15,-1.753001822
298.15,-1.399099211
298.15,0.161805214
298.15,0.090993157
298.15,-1.101572489
293.15,-1.248609112
298.15,-0.241601153
299.15,0.265996328
288.15,-1.11385346
298.15,0.072203685
293.15,-2.208446731
298.15,-0.250254149
298.19,-2.813182486
293.15,-1.663336191
288.15,-1.541361267
293.15,0.225767129
293.15,-2.791240668
296.15,-2.196053303
288.15,-2.76918539
298.15,-3.698977699
289.65,-2.150930393
298.14,-1.13076721
298.14,-1.894535791
293.15,-1.175426029
298.15,-1.176880379
298.15,-1.030859923
298.15,-1.500602863
298.15,-1.630430753
298.27,-1.382822954
298.14,0.408240294
290.15,-1.960801637
299.15,7.38e-06
298.15,-3.064857195
293.15,-0.876166503
298.2,-0.637898744
293.15,-0.782730544
288.65,-1.189895628
288.15,-2.037161485
293.15,-0.030876929
299.15,7.38e-06
298.15,-1.29423285
291.15,-1.242931359
293.15,-2.070758013
298.15,-2.879728133
298.15,-2.356521808
292.15,-2.891425943
293.28999999999996,-2.530177734
293.15,-2.440378684
293.15,-2.532166538
292.65,-2.357119443
290.15,-1.926092442
298.15,-0.764203979
298.15,-2.833490265
293.15,-2.17416425
298.15,0.052120124
298.19,-2.484920005
298.14,-0.798443109
298.15,-3.692187894
293.15,-1.374682678
298.15,0.357035676
291.15,-0.901912418
293.15,-2.512234384
299.15,-0.234013975
298.15,0.416638462
293.15,-2.301506589
293.15,-2.763698043
298.15,-2.331620312
293.15,-1.249528783
295.15,-1.954676329
288.15,-2.070987471
290.15,-2.30514198
298.15,-2.74846971
293.15,-2.769884773
293.15,-1.708604119
298.15,-0.766267394
293.15,-1.353697444
287.15,-0.627467868
288.15,-0.946584039
293.15,0.713730033
291.15,-1.21472305
293.15,-1.734569649
298.19,-2.19382051
297.15,-1.139914495
295.15,-0.955241939
287.15,-0.952082606
291.15,-1.242788812
295.15,-3.22184875
298.15,-2.118229479
298.15,-1.481419875
293.15,-0.760220113
290.15,-1.10546509
298.15,0.041390235
298.15,-0.207507264
298.15,-3.689890553
293.15,-2.235290614
290.15,-2.172582627
298.15,-0.597324383
293.15,-2.294933337
298.19,-1.391988349
294.9,0.32238574
298.03999999999996,0.157251372
291.15,-2.041611296
298.15,-0.275046998
293.15,-0.693137174
293.15,-0.78430213
292.15,-1.407459278
298.15,-2.316835803
298.04999999999995,-1.681923089
291.45,-0.237499612
293.15,0.240146748
298.15,0.138857616
298.15,-2.219563635
298.04999999999995,-3.601867258
298.15,-0.068248233
299.15,-2.015580865
288.15,-3.388272563
293.15,-0.784715311
298.15,0.054531415
297.7,-1.442176367
298.15,-1.54690736
293.15,-0.436730994
295.15,-1.500312969
298.15,-1.725700348
298.25,-0.964369565
298.14,-0.047210424
298.19,-0.057056573
299.15,-7.2e-06
298.15,0.607805464
295.79999999999995,0.074274412
293.15,-1.558247295
298.15,0.597868172
293.15,-2.479320814
291.15,-0.702872483
293.15,-1.432119612
298.15,-2.222083205
298.15,-0.780751347
298.15,-0.492149724
298.19,-0.725034713
298.28999999999996,-1.869666337
298.15,-0.68916985
295.65,-3.398339376
293.15,-2.408677432
290.15,-2.007808719
287.15,-1.65680494
294.15,-2.57399547
298.04999999999995,-3.745111985
295.15,-2.2839971
298.15,-2.103700991
298.15,-0.649968662
299.15,-0.563834417
289.15,-1.7493147
298.15,-0.297178144
293.15,-0.387215989
298.34,-0.223633396
298.34,-0.862284454
293.15,-1.266915455
298.15999999999997,-2.672337227
298.14,-1.707880973
291.15,-1.508551265
298.14,-0.061450863
298.15,-1.48557607
288.15,-2.854806862
293.15,-2.044478349
293.15,0.192684881
295.15,-2.080894376
292.15,-1.834355523
298.15,0.167716211
298.15,-0.841870015
293.15,-2.589989393
298.15,-0.20828776
298.14,-2.977160211
293.15,-1.863368836
293.15,-1.418572841
294.15,-2.926857727
298.14,-2.132990367
298.19,-1.171224459
297.14,-1.086940079
298.15,-0.766231448
299.15,0.0
293.15,-0.772286248
292.15,-0.987862687
298.15,0.244851692
289.15,-1.23520234
290.15,-1.945804181
299.15,0.0
298.15,-2.130189117
291.15,-1.43525916
298.15,0.222761727
298.15,-0.564126195
297.65,-2.508637242
295.65,-2.612749267
294.15,-0.71333159
293.15,-2.761892022
298.15,-0.860124642
298.15,-2.921360783
293.15,-3.670157508
298.15,-1.155845958
295.15,-1.962574264
298.14,-0.687277577
293.15,-1.18089396
298.15,-1.218807164
295.15,-1.90910954
298.15,-2.678033738
294.15,-2.52923583
290.15,-1.093780574
298.15,-1.25995379
293.15,-1.296748044
293.15,0.008276759
293.0,-2.45058394
298.15,-3.236573593
293.15,0.555510462
293.15,-2.685396149
298.14,-2.168330068
293.15,-0.566285938
294.15,-0.314498856
291.15,-1.924085877
293.15,-2.057621417
295.15,-3.090170447
298.15,-3.767782892
292.15,-1.486007272
294.15,-1.962800068
298.15,-0.449776358
298.15,0.53062241
298.15,-0.204123
293.15,-0.767004244
292.84999999999997,-1.703837128
295.15,-2.065501258
293.15,-0.014917656
293.15,-1.984737284
297.65,0.533701714
298.15,-0.600165637
298.15,-3.320665467
298.15,-1.320844297
298.15,-2.025641699
293.15,-0.749541691
297.15,-2.101837285
290.15,-2.210200097
293.15,-0.568635787
297.34999999999997,0.598792806
298.15,-2.027519105
289.65,-1.693113263
295.15,-2.13076902
293.15,0.170261202
298.14,-2.438899077
298.15,0.595269013
298.15,-0.440491896
298.15,-0.394128008
295.15,-1.072362614
293.15,-0.686608467
293.15,-0.456942235
298.59,-1.581767392
293.15,-2.477818615
293.15,-1.214669172
297.37,0.539322329
288.15,-2.402484727
293.15,-2.001074769
298.15,-0.323508953
291.15,-1.517953347
288.15,-2.531144873
288.15,-0.965213683
291.15,-1.114684198
298.14,-0.190347928
297.98999999999995,-0.639030045
298.15,-1.98098835
298.14,-1.6435879
293.15,-2.720888368
288.15,-1.887724776
290.75,-0.129832963
298.15,-1.753799911
298.15,-2.123908523
293.15,0.061201085
291.15,-1.456273421
293.15,-0.802671124
298.15,-0.052566894
298.15,-1.77781932
288.15,-2.737778954
293.15,0.823520944
298.15,-2.196486306
298.15,-2.376164922
298.15,-0.357903099
298.15,-2.152037413
293.15,-0.2924297
298.15,0.346342884
298.15,-2.721651726
297.65,0.551813258
293.15,-3.336913804
299.15,-0.300009502
293.15,0.213147688
293.15,-1.782676142
288.15,-1.345451013
295.15,-1.141621798
293.15,-2.21336048
293.15,-3.48023793
298.15,-0.867589008
293.15,-1.140823795
298.14,0.154186179
298.10999999999996,-0.411966222
293.15,-0.184944653
293.15,-0.880152424
293.15,-0.169738033
298.15,-0.47235575
298.19,-1.610709477
291.15,-1.158333962
293.15,-2.274082705
298.15,-0.187415696
298.15,-0.522870319
298.15,-0.77226716
293.15,-2.477822797
288.15,-2.938281855
288.15,-1.702185548
293.15,-0.549591303
298.15,-2.620276486
298.15,-0.886878183
293.15,-1.921003744
298.14,0.562124627
297.15,-2.436556992
298.15,-3.023835587
298.25,-2.19358722
293.15,-1.56390915
298.14,0.361215791
298.19,-0.178478611
298.15,-0.406026263
297.14,0.542212284
293.15,-2.332946187
290.15,-2.415426198
293.15,0.39824594
287.15,-2.025386193
299.15,0.0
298.15,-0.438898118
296.15,-0.799447239
291.15,-2.23825764
298.15,0.0681909
298.15,-1.940469891
291.15,-2.091437846
291.15,-1.467648316
298.15,-2.190811492
298.15,-0.121328008
293.15,-1.050605969
298.15,-2.164398831
293.15,-1.039383609
291.15,-3.07662633
298.44,0.315608112
298.15,-0.215388012
298.15,-0.04161264
298.15,-1.481282533
298.04999999999995,0.4390219
298.15,-1.224872541
293.15,-2.346744758
299.15,-1.378778812
293.15,-2.554632308
298.15,-0.73614786
296.15,-0.709240079
293.15,-2.491131172
298.15,-2.638838549
288.15,-0.923286124
289.15,-2.365817792
297.15,-1.714775632
298.14,0.885787518
293.84999999999997,-2.98802994
298.15,-0.613450986
295.15,-0.828414631
298.03999999999996,-2.687057915
298.15,-2.826812954
293.15,-2.569157792
290.15,-2.505568561
298.15,-2.299143214
298.2,-1.866310262
298.15,-0.538348802
297.62,-1.501169197
293.15,-1.933182466
293.15,-0.809734245
293.15,-1.910350113
298.15,0.137054209
293.15,-2.242824864
289.15,-0.894470679
298.15,-3.258627307
298.15,0.333971557
295.15,-0.946268355
288.15,-0.951626569
293.15,-2.854235622
293.15,-1.839553461
298.15,-1.355566778
298.15,0.363600914
294.15,0.172072779
298.15,-1.234045276
295.15,-2.638272361
293.15,-1.042435463
298.14,0.135544069
298.15,-2.581063963
293.15,0.187974848
293.15,-0.394055294
298.15,-2.897091314
297.78999999999996,-1.741562862
298.09,-0.528767431
290.15,-2.837505883
293.15,-1.225877629
293.15,-2.272754731
288.15,-3.105828551
298.15,-1.687277577
298.67999999999995,-2.065409192
298.14,-1.004364225
288.15,-1.524765299
298.15,-3.132343579
298.15,-2.062583221
288.15,-0.950194414
288.15,-3.171335925
295.65,-2.213600031
298.15,-2.166852656
293.15,-0.873675102
288.15,-2.08127528
293.15,0.115505606
294.15,-1.177553773
298.15,-2.003367172
293.15,-2.379723593
298.14,0.338028289
293.15,-2.504554637
298.14,-3.012875764
290.15,-1.287910186
299.42999999999995,-0.090405698
298.15,0.583329855
289.15,-3.02657759
298.15,-3.097255742
296.04999999999995,0.365480473
288.15,-0.766250641
290.15,-2.350352217
291.15,0.243700949
298.19,-0.468519224
288.15,-1.436150825
293.15,-0.459237338
298.15,-1.963880817
293.15,-0.420205667
297.15,-0.25853527
293.15,-1.116359437
298.14,-0.940910623
293.15,-0.949847239
297.98999999999995,-0.029200381
298.15,0.2903599
295.15,-2.004575462
303.14,-1.011129134
293.15,-0.413887927
293.15,-1.907416736
293.15,-1.863660145
303.15,-1.10551814
293.15,-0.501438686
291.15,-0.958964009
293.15,-2.641848751
297.85999999999996,-2.052242072
298.34,-2.869306476
293.15,0.643456062
294.15,-0.81694987
292.65,-0.782235366
293.15,-0.167110479
293.15,-2.167497354
298.15,-2.914264861
291.15,-0.792311105
290.15,-1.943231113
298.27,-0.362530939
293.15,-0.415569911
293.15,-0.294172235
288.15,-2.265526513
299.44,-1.626268427
298.15,0.389157907
298.15,0.027020488
298.28999999999996,-1.863279662
289.15,-0.038971514
298.64,-1.166015098
302.15,0.440247065
298.15,-0.184546074
293.15,0.277740946
293.15,-1.947267216
303.15,-0.918843431
293.15,-1.659681409
291.15,-1.30213449
298.14,-1.6005955
293.15,-0.698970004
295.65,-2.587123653
298.15,-1.214386967
298.15,0.242728476
293.15,0.406536563
293.15,-0.250914279
293.15,-1.274455393
298.15,0.304933209
290.15,0.337934939
298.14,0.469946158
298.14,0.414898592
293.15,0.017033838
291.15,-2.987228403
298.14,-0.048751483
296.65,-0.059761557
293.15,-1.661214006
298.15,-1.000531873
293.15,-2.008829226
298.15,0.584462402
293.15,0.158363452
298.15,0.188218301
298.15,-1.973656539
290.15,-1.710176886
298.34,-1.377944782
288.15,-1.503768559
293.15,-1.047799986
297.98999999999995,0.105205217
303.14,-1.578606935
298.15,-0.864231194
293.15,-0.159574123
288.15,0.984337524
288.15,0.600506438
293.15,-3.332075128
293.15,-0.885219291
298.15,-0.969402295
303.15,-0.25369029
293.15,-0.842909873
303.15,-1.139808281
293.15,-1.554882494
298.15,-2.497966587
293.15,-2.031526213
303.15,0.969157398
298.15,-2.042149762
298.04999999999995,-0.757635078
303.15,-2.375512649
293.15,-1.221602711
293.15,-1.757193026
293.15,-1.303584743
296.15,-2.166856699
303.15,-1.389230833
288.15,-1.873628627
293.15,-1.434809842
293.15,0.028641502
288.15,-1.719870244
298.15,-1.588474696
296.15,-1.694205445
288.15,-1.240463268
298.15,0.600178204
298.15,0.701736567
290.15,-0.23843404
298.15,0.430728222
291.15,-0.733732477
293.15,-0.79967407
295.15,-0.916775407
293.15,-1.242384483
293.15,-3.840084003
295.15,-0.465092002
289.15,-1.085573957
293.15,-2.167031491
298.15,-1.41487513
295.15,-2.625148694
299.15,-1.149599259
293.15,-0.634717957
293.15,-3.183542592
298.15,-3.824304507
298.15,-0.255544509
293.15,-0.569895461
293.15,-0.136980136
292.15,0.185868316
299.42999999999995,0.086426364
298.15,-1.038971067
293.15,-1.685001954
292.15,-3.357021106
303.15,-1.924984809
303.15,-0.476427265
303.15,-0.618733559
292.15,-1.624649091
299.15,0.0
303.15,-2.368988937
293.15,-0.768892997
293.15,-1.602648604
288.15,-1.515356338
296.15,-1.778654954
293.15,-0.655228685
293.15,-2.066774265
298.15,-0.324273039
298.15,-1.374156545
293.15,-0.282011262
297.98999999999995,-0.97019916
298.15,0.494044405
298.15,-1.415999566
297.15,-3.009085289
288.15,-0.51638858
303.15,-0.24525747
290.15,-0.156504393
294.15,-0.427467058
298.15,0.331421669
299.15,-0.610830638
303.15,-2.760288511
298.15,-2.506270568
298.15,-3.326703008
293.15,-0.23841898
293.15,-1.955109128
288.15,0.474653884
293.15,-0.88856542
293.15,-1.507943623
303.15,-0.497967732
293.15,-0.387229525
292.15,-1.083361151
293.15,-2.823897322
298.15,0.408412743
298.15,-2.493568977
293.15,-1.482794438
297.15,-1.113495321
293.15,-2.334903897
291.15,-1.84106883
290.15,-2.026450829
293.15,-2.044075036
298.15,-3.627094614
288.15,0.134109574
298.15,-1.971432302
298.14,-0.482479538
298.14,-0.096910013
293.15,-1.301321832
291.15,-1.510299339
298.04999999999995,-2.505874587
298.15,-0.730356187
298.15,-1.199537073
294.15,-2.020133127
293.15,-3.214442783
298.21,0.183613807
299.53999999999996,-1.487020034
299.15,-1.861185401
298.15,-2.614399475
293.15,-0.790293243
298.15,-0.78418759
298.04999999999995,-3.186447201
293.15,-0.692884357
290.15,-2.283125892
287.15,-1.342109292
289.15,-2.986980997
298.15,-1.218915059
298.14,-1.903076474
291.15,-0.402622421
297.94,-1.933439276
298.15,0.113018158
293.15,-2.075890678
298.15,-2.840239779
293.15,0.707192548
293.15,-2.618629819
293.15,-0.582021133
298.15,-1.303423437
298.15,0.380203964
293.15,-2.910861465
293.15,-2.701037233
293.15,-0.170645968
298.15,-0.420217749
298.15,-2.05739504
293.15,-0.362324399
298.15,0.390786338
293.15,-1.383693868
298.15,-1.850758304
298.37,-3.793469596
288.15,-0.098819806
298.15,-1.443202012
298.15,-2.984312165
295.15,-1.586482533
291.15,-1.015884705
293.15,-0.429952338
293.15,-1.289524726
299.15,-0.151257092
298.15,-2.484844146
298.15,-2.450014266
293.15,-2.24801056
298.14,-3.757007927
298.15,-0.277383831
293.15,0.626228979
293.15,-0.990246259
290.15,-0.983952847
298.15,0.160128574
293.15,-0.764745547
297.53999999999996,0.591476024
298.19,-1.848997955
298.15,-0.907458668
293.15,-2.071674923
293.15,-0.869196505
298.15,-0.714448841
298.14,-3.955554542
293.15,-2.439194048
289.65,-1.815289433
298.15,-0.999204807
291.15,-0.049896619
289.15,-1.253629325
298.15,-2.977971986
293.15,0.169483185
298.15,0.227894327
291.15,-2.617593681
298.15,-0.886966081
291.15,-1.114267759
293.15,-2.070758013
293.15,-1.70251239
298.15,-2.221129619
293.15,-0.044315724
298.15,-1.245804519
292.15,-2.475452859
293.15,-1.102460505
298.15,-2.000113088
296.15,-1.928721723
298.15,-3.68711345
293.15,-1.537367482
293.15,-0.493410444
293.15,-0.468666514
287.15,-1.601661013
298.15,-0.09622215
293.15,-1.801285343
293.14,0.205744016
295.15,0.492373776
298.15,-0.241710093
292.15,-2.157324451
293.15,-0.788570894
293.15,-2.593386658
288.34999999999997,0.845689016
298.15,-1.955388283
299.15,-2.312598381
293.15,-0.544023372
298.15,-1.771354104
298.14,-0.233704444
293.15,-2.756964929
298.15,-0.128941292
299.15,-1.0
298.15,-0.973099852
294.15,-1.457699002
294.15,-2.602460323
298.15,-1.9531226
291.15,-3.279386998
298.15,-3.22184875
298.15,-2.065867745
294.15,-2.0552195
288.15,-0.140235068
298.15,-0.227885089
288.15,-0.438764661
